chuong,bai_id,bai_ten,trang_so,noi_dung_trang,ghi_nho,tieu_de_trang
1,ch1-b1,Khái niệm Tư tưởng Hồ Chí Minh,1,"Đại hội đại biểu toàn quốc lần thứ XI của Đảng Cộng sản Việt Nam (năm 2011) nêu khái niệm: ""Tư tưởng Hồ Chí Minh là một hệ thống quan điểm toàn diện và sâu sắc về những vấn đề cơ bản của cách mạng Việt Nam, kết quả của sự vận dụng và phát triển sáng tạo chủ nghĩa Mác - Lênin vào điều kiện cụ thể của nước ta, kế thừa và phát triển các giá trị truyền thống tốt đẹp của dân tộc, tiếp thu tinh hoa văn hoá nhân loại; là tài sản tinh thần vô cùng to lớn và quý giá của Đảng và dân tộc ta, mãi mãi soi đường cho sự nghiệp cách mạng của nhân dân ta giành thắng lợi"".

Khái niệm này chỉ rõ ba điều. Một là, bản chất khoa học và cách mạng cùng nội dung cơ bản của tư tưởng Hồ Chí Minh. Hai là, cơ sở hình thành: chủ nghĩa Mác - Lênin là giá trị cơ bản nhất, đồng thời Hồ Chí Minh tiếp thu các giá trị truyền thống tốt đẹp của dân tộc và tinh hoa văn hóa nhân loại. Ba là, ý nghĩa: cùng với chủ nghĩa Mác - Lênin, tư tưởng Hồ Chí Minh là một bộ phận cấu thành nền tảng tư tưởng và kim chỉ nam cho hành động của Đảng và cách mạng Việt Nam. (Giáo trình 2021, tr.12-13)","Khái niệm nêu ba điều: nội dung cơ bản, cơ sở hình thành và ý nghĩa của tư tưởng Hồ Chí Minh.",Khái niệm theo Đại hội XI
1,ch1-b1,Khái niệm Tư tưởng Hồ Chí Minh,2,"Khái niệm trên ghi nhận quá trình nhận thức của Đảng Cộng sản Việt Nam về tư tưởng Hồ Chí Minh. Ngay từ khi ra đời, Đảng đã thông qua các văn kiện hợp thành Cương lĩnh chính trị đầu tiên, thể hiện những nội dung rất cơ bản của tư tưởng Hồ Chí Minh về cách mạng Việt Nam.

Sau khi Đảng ra đời, tư tưởng Hồ Chí Minh trải qua thử thách rồi được khẳng định lại. Đã có sự hiểu không đúng từ Quốc tế Cộng sản và từ một số người trong Đảng Cộng sản Đông Dương, do chịu ảnh hưởng quan điểm tả khuynh của Đại hội VI Quốc tế Cộng sản (năm 1928). Thực tế chứng minh sự đúng đắn của những quan điểm của Hồ Chí Minh.

Đại hội II của Đảng (tháng 2/1951) nêu rõ đường lối chính trị, nền nếp làm việc và đạo đức cách mạng của Đảng hiện nay là đường lối, tác phong và đạo đức Hồ Chủ tịch. Ngày 2/9/1969, Chủ tịch Hồ Chí Minh qua đời. Đại hội IV (tháng 12/1976) gọi Người là vị lãnh tụ thiên tài của giai cấp công nhân và nhân dân ta, người anh hùng dân tộc vĩ đại. Đại hội V (tháng 3/1982) nhấn mạnh Đảng phải đặc biệt coi trọng việc tổ chức học tập một cách có hệ thống tư tưởng, đạo đức, tác phong của Chủ tịch Hồ Chí Minh. (Giáo trình 2021, tr.14-15)","Từ Đại hội II (1951) Đảng đã coi đường lối, tác phong và đạo đức Hồ Chủ tịch là của Đảng.",Quá trình nhận thức của Đảng (1)
1,ch1-b1,Khái niệm Tư tưởng Hồ Chí Minh,3,"Đại hội VI (tháng 12/1986) đề ra đường lối đổi mới toàn diện ở nước ta. Đại hội VII (năm 1991) là một mốc lớn: Đảng khẳng định lấy chủ nghĩa Mác - Lênin và tư tưởng Hồ Chí Minh làm nền tảng tư tưởng, kim chỉ nam cho hành động. Điều này được ghi nhận trong Cương lĩnh xây dựng đất nước trong thời kỳ quá độ lên chủ nghĩa xã hội (Cương lĩnh năm 1991, bổ sung, phát triển năm 2011) và trong Hiến pháp năm 1992, sửa đổi, bổ sung năm 2013.

Đại hội IX (tháng 4/2001) nhận thức về tư tưởng Hồ Chí Minh đầy đủ hơn. Đại hội X (tháng 4/2006) khẳng định tư tưởng vĩ đại của Người cùng với chủ nghĩa Mác - Lênin mãi mãi là nền tảng tư tưởng, kim chỉ nam cho hành động của Đảng và cách mạng Việt Nam, là tài sản tinh thần vô giá của Đảng và dân tộc ta. Đại hội XIII (năm 2021) khẳng định quan điểm chỉ đạo: ""Kiên định và vận dụng phát triển sáng tạo chủ nghĩa Mác - Lênin, tư tưởng Hồ Chí Minh"".

Ở bình diện quốc tế, UNESCO, tại khóa họp Đại Hội đồng lần thứ 24 ở Pari (20/10 đến 20/11/1987), ra Nghị quyết về kỷ niệm 100 năm Ngày sinh của Chủ tịch Hồ Chí Minh, ghi nhận năm 1990 là năm kỷ niệm Ngày sinh của ""Anh hùng giải phóng dân tộc và Nhà văn hóa kiệt xuất của Việt Nam"". (Giáo trình 2021, tr.16-19)","Đại hội VII (1991): chủ nghĩa Mác - Lênin và tư tưởng Hồ Chí Minh là nền tảng tư tưởng, kim chỉ nam cho hành động.",Quá trình nhận thức của Đảng (2)
1,ch1-b2,Đối tượng nghiên cứu,1,"Môn học Tư tưởng Hồ Chí Minh là một nội dung của chuyên ngành Hồ Chí Minh học (nằm trong ngành Khoa học chính trị). Đối tượng nghiên cứu của môn học là toàn bộ những quan điểm của Hồ Chí Minh thể hiện trong di sản của Người. Đó là hệ thống quan điểm toàn diện và sâu sắc về những vấn đề cơ bản của cách mạng Việt Nam.

Hệ thống quan điểm ấy được phản ánh trong những bài nói, bài viết, trong hoạt động cách mạng và trong cuộc sống hằng ngày của Người. Đó là những vấn đề lý luận và thực tiễn được rút ra từ cuộc đời hoạt động rất phong phú ở cả trong nước và trên thế giới của Hồ Chí Minh, phấn đấu cho sự nghiệp giải phóng dân tộc, giải phóng xã hội, giải phóng giai cấp, giải phóng con người. (Giáo trình 2021, tr.19-20)",Đối tượng nghiên cứu: toàn bộ quan điểm của Hồ Chí Minh thể hiện trong di sản của Người.,Đối tượng nghiên cứu của môn học
1,ch1-b2,Đối tượng nghiên cứu,2,"Đối tượng nghiên cứu của môn học còn là quá trình hệ thống quan điểm của Hồ Chí Minh vận động trong thực tiễn. Hay nói cách khác, đó là quá trình ""hiện thực hóa"" hệ thống quan điểm của Hồ Chí Minh trong quá trình phát triển của dân tộc Việt Nam.

Trong quá trình hiện thực hóa hệ thống quan điểm của Hồ Chí Minh, cách mạng Việt Nam luôn vận dụng và phát triển sáng tạo hệ thống quan điểm đó trong những điều kiện mới. (Giáo trình 2021, tr.20)",Đối tượng nghiên cứu gồm hai phần: hệ thống quan điểm trong di sản và quá trình hiện thực hóa hệ thống quan điểm ấy.,Quá trình hiện thực hóa
1,ch1-b3,Phương pháp nghiên cứu,1,"Phương pháp luận Hồ Chí Minh lấy phương pháp luận chủ nghĩa duy vật biện chứng và chủ nghĩa duy vật lịch sử Mác - Lênin làm cơ sở, được hình thành và phát triển qua quá trình hoạt động cách mạng của Người. Vì vậy, phương pháp luận nghiên cứu tư tưởng Hồ Chí Minh phải phù hợp với phương pháp luận của chính Hồ Chí Minh và của chủ nghĩa Mác - Lênin.

Có năm nguyên tắc và quan điểm phương pháp luận: (a) thống nhất tính đảng và tính khoa học; (b) thống nhất lý luận và thực tiễn; (c) quan điểm lịch sử - cụ thể; (d) quan điểm toàn diện và hệ thống; (đ) quan điểm kế thừa và phát triển.

Về thống nhất tính đảng và tính khoa học: phải đứng trên lập trường giai cấp công nhân và quan điểm của chủ nghĩa Mác - Lênin, quán triệt Cương lĩnh, đường lối, quan điểm của Đảng Cộng sản Việt Nam, đồng thời bảo đảm tính khách quan, khoa học của các luận đề nêu ra. (Giáo trình 2021, tr.20-21)",Năm nguyên tắc: tính đảng và tính khoa học; lý luận và thực tiễn; lịch sử - cụ thể; toàn diện và hệ thống; kế thừa và phát triển.,Cơ sở phương pháp luận
1,ch1-b3,Phương pháp nghiên cứu,2,"Hồ Chí Minh vừa coi trọng lý luận, vừa coi trọng thực tiễn, vì thực tiễn khái quát nên lý luận và chính lý luận lại chỉ đạo thực tiễn. Người cho rằng lý luận như cái kim chỉ nam, nó chỉ phương hướng cho chúng ta trong công việc thực tế; không có lý luận thì lúng túng như nhắm mắt mà đi.

Người phê bình sự chủ quan, kém lý luận, mắc phải cái bệnh ""khinh lý luận"". Người cũng chỉ rõ căn bệnh ""lý luận suông"" nếu không áp dụng vào thực tế: dù xem hàng ngàn hàng vạn quyển lý luận mà không biết đem ra thực hành thì khác nào một cái hòm đựng sách. Lý luận như cái tên (hoặc viên đạn), thực hành như cái đích để bắn: lý luận phải đem ra thực hành, thực hành phải nhằm theo lý luận.

Trong nghiên cứu, học tập tư tưởng Hồ Chí Minh không có sự tuyệt đối hóa mặt nào giữa lý luận và thực tiễn; bản chất của phương pháp luận này là sự thống nhất biện chứng. (Giáo trình 2021, tr.21-23)","Lý luận và thực tiễn thống nhất biện chứng: không khinh lý luận, cũng không lý luận suông.",Thống nhất lý luận và thực tiễn
1,ch1-b3,Phương pháp nghiên cứu,3,"Quan điểm lịch sử - cụ thể: vận dụng chủ nghĩa duy vật lịch sử, xem sự vật, hiện tượng đã xuất hiện trong lịch sử như thế nào, trải qua những giai đoạn phát triển chủ yếu nào; đứng trên quan điểm phát triển đó để xem xét hiện nay nó đã trở thành như thế nào.

Quan điểm toàn diện và hệ thống: tư tưởng Hồ Chí Minh là hệ thống quan điểm toàn diện và sâu sắc, xung quanh hạt nhân cốt lõi là tư tưởng độc lập, tự do, dân chủ và chủ nghĩa xã hội. Nếu tách rời một yếu tố nào đó khỏi hệ thống sẽ hiểu sai tư tưởng Hồ Chí Minh. Hồ Chí Minh xem xét cách mạng Việt Nam trong quan hệ tổng thể với cách mạng thế giới.

Quan điểm kế thừa và phát triển: nghiên cứu, học tập tư tưởng Hồ Chí Minh không chỉ biết kế thừa, vận dụng mà còn phải biết phát triển sáng tạo tư tưởng của Người trong điều kiện lịch sử mới, trong bối cảnh cụ thể của đất nước và quốc tế. (Giáo trình 2021, tr.23-25)","Hạt nhân cốt lõi của hệ thống tư tưởng: độc lập, tự do, dân chủ và chủ nghĩa xã hội.","Lịch sử - cụ thể, toàn diện - hệ thống, kế thừa - phát triển"
1,ch1-b3,Phương pháp nghiên cứu,4,"Phương pháp lôgíc nghiên cứu một cách tổng quát nhằm tìm ra bản chất vốn có của sự vật, hiện tượng và khái quát thành lý luận. Phương pháp lịch sử nghiên cứu sự vật và hiện tượng theo trình tự thời gian, quá trình diễn biến đi từ phát sinh, phát triển đến hệ quả của nó. Cần kết hợp chặt chẽ phương pháp lôgíc và phương pháp lịch sử.

Phương pháp phân tích văn bản kết hợp với nghiên cứu hoạt động thực tiễn của Hồ Chí Minh: trước hết phải dựa vào các tác phẩm của Người (tập hợp trong bộ sách Hồ Chí Minh: Toàn tập, 15 tập), nhưng di sản còn ở toàn bộ cuộc đời hoạt động và cuộc sống hằng ngày của Người; có nội dung không ở trong văn bản mà ở trong chỉ đạo thực tiễn.

Phương pháp chuyên ngành, liên ngành: Hồ Chí Minh thể hiện tư tưởng qua nhiều lĩnh vực như chính trị, triết học, kinh tế, quân sự, văn hóa. Ngoài ra cần sử dụng các phương pháp phân tích, tổng hợp, so sánh, điều tra xã hội học. (Giáo trình 2021, tr.25-28)",Kết hợp phương pháp lôgíc với phương pháp lịch sử; phân tích văn bản gắn với hoạt động thực tiễn của Người.,Một số phương pháp cụ thể
1,ch1-b4,Ý nghĩa của việc học tập môn học,1,"Ý nghĩa thứ nhất: góp phần nâng cao năng lực tư duy lý luận. Môn học trang bị cho sinh viên tri thức khoa học về hệ thống quan điểm toàn diện và sâu sắc về cách mạng Việt Nam; hình thành năng lực, phương pháp làm việc, niềm tin, tình cảm cách mạng; củng cố lập trường, quan điểm cách mạng trên nền tảng chủ nghĩa Mác - Lênin, tư tưởng Hồ Chí Minh; kiên định mục tiêu độc lập dân tộc và chủ nghĩa xã hội; tích cực, chủ động đấu tranh phê phán những quan điểm sai trái.

Giai đoạn nghiên cứu ở trường đại học rất quan trọng đối với năng lực tư duy lý luận, vì gắn với tuổi trẻ của con người. Mong muốn cuối cùng của Hồ Chí Minh là toàn Đảng toàn dân ta đoàn kết phấn đấu, xây dựng một nước Việt Nam hòa bình, thống nhất, độc lập, dân chủ và giàu mạnh, và góp phần xứng đáng vào sự nghiệp cách mạng thế giới. (Giáo trình 2021, tr.28-29)",Ý nghĩa thứ nhất: nâng cao năng lực tư duy lý luận.,Nâng cao năng lực tư duy lý luận
1,ch1-b4,Ý nghĩa của việc học tập môn học,2,"Ý nghĩa thứ hai: giáo dục và định hướng thực hành đạo đức cách mạng, củng cố niềm tin khoa học gắn liền với trau dồi tình cảm cách mạng, bồi dưỡng lòng yêu nước. Người học hiểu sâu sắc và toàn diện về cuộc đời và sự nghiệp của Hồ Chí Minh, thực hành đạo đức cách mạng, chống chủ nghĩa cá nhân, sống có ích cho xã hội, nâng cao lòng tự hào về đất nước Việt Nam, về chế độ xã hội chủ nghĩa, về Hồ Chí Minh, về Đảng Cộng sản Việt Nam; nâng cao bản lĩnh chính trị, kiên định ý thức và trách nhiệm công dân.

Ý nghĩa thứ ba: xây dựng, rèn luyện phương pháp và phong cách công tác. Người học có thể xây dựng phong cách tư duy, diễn đạt, làm việc, ứng xử, sinh hoạt phù hợp hoàn cảnh, như phương châm của Hồ Chí Minh: ""Dĩ bất biến, ứng vạn biến"". Tư tưởng Hồ Chí Minh góp phần giáo dục thế hệ trẻ hình thành và hoàn thiện nhân cách, trở thành những chiến sĩ tiên phong trong sự nghiệp xây dựng và bảo vệ Tổ quốc Việt Nam xã hội chủ nghĩa. (Giáo trình 2021, tr.28-31)",Ba ý nghĩa: tư duy lý luận; đạo đức cách mạng và niềm tin; phương pháp và phong cách công tác.,Đạo đức cách mạng và phong cách công tác
2,ch2-b1,Cơ sở hình thành tư tưởng Hồ Chí Minh,1,"Từ năm 1858, thực dân Pháp bắt đầu xâm lược Việt Nam; triều đình nhà Nguyễn lần lượt ký các hiệp ước đầu hàng, từng bước trở thành tay sai. Các phong trào yêu nước liên tục nổ ra (Trương Định, Nguyễn Trung Trực ở miền Nam; Phan Đình Phùng ở miền Trung; Hoàng Hoa Thám ở miền Bắc...). Các cuộc khởi nghĩa dưới ngọn cờ ""Cần Vương"" do sĩ phu, văn thân lãnh đạo cuối cùng đều thất bại, chứng tỏ tư tưởng phong kiến đã lỗi thời.

Thực dân Pháp khai thác thuộc địa, từng bước biến nước ta từ nước phong kiến thành nước ""thuộc địa và phong kiến"". Khoảng 95% dân số là nông dân; xuất hiện các giai tầng mới là giai cấp công nhân, giai cấp tư sản và tầng lớp tiểu tư sản thành thị; xuất hiện thêm mâu thuẫn giữa toàn thể nhân dân Việt Nam với thực dân Pháp.

Đầu thế kỷ XX xuất hiện các phong trào yêu nước theo khuynh hướng dân chủ tư sản: Đông Du (Phan Bội Châu, 1905-1909), Duy Tân (Phan Châu Trinh, 1906-1908), Đông Kinh nghĩa thục (1907), chống đi phu, chống sưu thuế ở Trung Kỳ (1908). Tất cả đều thất bại: nguyên nhân sâu xa là giai cấp tư sản còn non yếu, nguyên nhân trực tiếp là chưa có đường lối và phương pháp cách mạng đúng đắn. Cuộc khủng hoảng về đường lối cứu nước diễn ra sâu sắc. (Giáo trình 2021, tr.33-36)",Cuối thế kỷ XIX - đầu thế kỷ XX: khủng hoảng về đường lối cứu nước; câu hỏi đặt ra là cứu nước bằng con đường nào để đi đến thắng lợi.,Cơ sở thực tiễn: Việt Nam cuối thế kỷ XIX - đầu thế kỷ XX
2,ch2-b1,Cơ sở hình thành tư tưởng Hồ Chí Minh,2,"Đầu thế kỷ XX, công nhân Việt Nam phát triển và trở thành một giai cấp ngay trước Chiến tranh thế giới thứ nhất (1914 - 1918). Công nhân chịu ba tầng áp bức bóc lột: thực dân, tư bản, phong kiến; họ sớm vùng dậy đấu tranh, từ hình thức thô sơ đến đình công, bãi công. Phong trào công nhân và phong trào yêu nước tạo điều kiện để chủ nghĩa Mác - Lênin xâm nhập, truyền bá vào Việt Nam.

Trên thế giới, cuối thế kỷ XIX - đầu thế kỷ XX chủ nghĩa tư bản chuyển từ giai đoạn tự do cạnh tranh sang giai đoạn đế quốc chủ nghĩa; phần lớn châu Á, châu Phi và Mỹ Latinh trở thành thuộc địa và phụ thuộc. Phong trào giải phóng dân tộc phát triển.

Cách mạng Tháng Mười Nga năm 1917 thành công là thắng lợi đầu tiên của chủ nghĩa Mác - Lênin ở một nước lớn, rộng một phần sáu thế giới; mở ra thời đại quá độ từ chủ nghĩa tư bản lên chủ nghĩa xã hội trên phạm vi toàn thế giới. Ngày 2/3/1919, Quốc tế Cộng sản ra đời ở Mátxcơva, trở thành Bộ tham mưu lãnh đạo phong trào cách mạng thế giới. (Giáo trình 2021, tr.35-38)",Cách mạng Tháng Mười Nga (1917) và Quốc tế Cộng sản (2/3/1919) ảnh hưởng sâu sắc tới Hồ Chí Minh trên hành trình tìm đường cứu nước.,Cơ sở thực tiễn: giai cấp công nhân và thế giới
2,ch2-b1,Cơ sở hình thành tư tưởng Hồ Chí Minh,3,"Chủ nghĩa yêu nước là giá trị xuyên suốt trong những truyền thống tốt đẹp của dân tộc Việt Nam; là nền tảng tư tưởng, điểm xuất phát và động lực thúc đẩy Hồ Chí Minh ra đi tìm đường cứu nước, và tìm thấy ở chủ nghĩa Mác - Lênin con đường cứu nước, cứu dân.

Trong Tuyên ngôn độc lập, Hồ Chí Minh trịnh trọng tuyên bố: nước Việt Nam có quyền hưởng tự do và độc lập, toàn thể dân Việt Nam quyết đem tất cả tinh thần và lực lượng, tính mệnh và của cải để giữ vững quyền tự do và độc lập ấy. ""Không có gì quý hơn độc lập, tự do"" là một điểm cốt lõi trong tư tưởng Hồ Chí Minh.

Người kế thừa, phát triển yêu nước gắn liền với yêu dân; tinh thần đoàn kết, nhân ái, khoan dung, hòa hiếu với các dân tộc lân bang; tinh thần cần cù, dũng cảm, sáng tạo, lạc quan, vì nghĩa, thương người. Trong tư tưởng Hồ Chí Minh, con người là vốn quý nhất, là nhân tố quyết định thành công của cách mạng; dân là gốc của nước; đoàn kết dân tộc gắn liền với đoàn kết quốc tế là nguyên tắc chiến lược quyết định thắng lợi của cách mạng Việt Nam. (Giáo trình 2021, tr.38-40)",Chủ nghĩa yêu nước là giá trị xuyên suốt trong truyền thống dân tộc và là động lực để Hồ Chí Minh ra đi tìm đường cứu nước.,Cơ sở lý luận: giá trị truyền thống của dân tộc
2,ch2-b1,Cơ sở hình thành tư tưởng Hồ Chí Minh,4,"Tinh hoa văn hóa phương Đông kết tinh trong ba học thuyết lớn: Nho giáo, Phật giáo, Lão giáo.

Với Nho giáo, Hồ Chí Minh cho rằng Khổng Tử có nhiều điều không đúng nhưng những điều hay thì nên học. Người kế thừa tư tưởng nhân trị, đức trị; quan niệm về một xã hội lý tưởng công bằng, bác ái, nhân, nghĩa, trí, dũng, tín, liêm; đặc biệt là tinh thần trọng đạo đức trong tu dưỡng, rèn luyện.

Với Phật giáo, Người kế thừa tư tưởng từ bi, vị tha, yêu thương con người, khuyến khích làm việc thiện, chống điều ác, đề cao quyền bình đẳng của con người; vận dụng để đoàn kết đồng bào theo đạo Phật vì nước Việt Nam hòa bình, thống nhất, độc lập, dân chủ và giàu mạnh (thư gửi Hội Phật tử năm 1947).

Với Lão giáo, Người kế thừa tư tưởng sống gắn bó, hòa đồng với thiên nhiên, bảo vệ môi trường (kêu gọi ""Tết trồng cây""), thoát vòng danh lợi; khuyên cán bộ, đảng viên cần, kiệm, liêm, chính, chí công vô tư.

Người còn tìm hiểu chủ nghĩa Găngđi và chủ nghĩa Tam dân của Tôn Trung Sơn, phát triển quan điểm dân tộc, dân quyền, dân sinh thành tư tưởng đấu tranh cho Độc lập - Tự do - Hạnh phúc theo con đường cách mạng vô sản. (Giáo trình 2021, tr.40-43)","Ba học thuyết lớn phương Đông: Nho giáo, Phật giáo, Lão giáo.",Cơ sở lý luận: tinh hoa văn hóa phương Đông
2,ch2-b1,Cơ sở hình thành tư tưởng Hồ Chí Minh,5,"Ngay từ khi học ở Trường Tiểu học Pháp - bản xứ ở thành phố Vinh (năm 1905), Hồ Chí Minh đã quan tâm tới khẩu hiệu của Đại Cách mạng Pháp năm 1789: Tự do - Bình đẳng - Bác ái. Người kế thừa, phát triển quan điểm nhân quyền, dân quyền trong bản Tuyên ngôn độc lập năm 1776 của Mỹ và bản Tuyên ngôn nhân quyền và dân quyền năm 1791 của Pháp, đề xuất quyền mưu cầu độc lập, tự do, hạnh phúc của các dân tộc.

Trên hành trình tìm đường cứu nước, Người sống, hoạt động và nghiên cứu tại các trung tâm lớn ở Mỹ, Anh, Pháp, Nga, Trung Quốc..., bằng chính ngôn ngữ của các nước đó. Người trực tiếp nghiên cứu tư tưởng nhân văn, dân chủ và nhà nước pháp quyền của các nhà khai sáng phương Tây như Vonte, Rútxô, Môngtétxkiơ; thích đọc văn học của William Shakespeare, Lỗ Tấn, Hugo, Zola; Anatole France và Léon Tolstoi ""có thể nói là những người đỡ đầu văn học"" cho Hồ Chí Minh. (Giáo trình 2021, tr.43-44)","Hồ Chí Minh kế thừa tinh hoa văn hóa phương Tây: tự do - bình đẳng - bác ái, nhân quyền, dân quyền, tư tưởng khai sáng.",Cơ sở lý luận: tinh hoa văn hóa phương Tây
2,ch2-b1,Cơ sở hình thành tư tưởng Hồ Chí Minh,6,"Cách mạng Tháng Mười Nga và chủ nghĩa Mác - Lênin là cơ sở lý luận quyết định bước phát triển mới về chất trong tư tưởng Hồ Chí Minh, khiến Người vượt hẳn lên phía trước so với những người yêu nước cùng thời. Cuối những năm 20 của thế kỷ XX, Người khẳng định: chủ nghĩa chân chính nhất, chắc chắn nhất, cách mạng nhất là chủ nghĩa Lênin.

Đối với Hồ Chí Minh, chủ nghĩa Mác - Lênin là thế giới quan, phương pháp luận trong nhận thức và hoạt động cách mạng. Chủ nghĩa Mác - Lênin là tiền đề lý luận quan trọng nhất, có vai trò quyết định trong việc hình thành tư tưởng Hồ Chí Minh.

Người nhận định: học thuyết Khổng Tử có ưu điểm là sự tu dưỡng đạo đức cá nhân; tôn giáo Giêsu có ưu điểm là lòng nhân ái cao cả; chủ nghĩa Mác có ưu điểm là phương pháp làm việc biện chứng; chủ nghĩa Tôn Dật Tiên có ưu điểm là chính sách phù hợp với điều kiện nước ta. Người còn khẳng định thắng lợi của cách mạng Việt Nam trước hết là nhờ cái vũ khí không gì thay thế được là chủ nghĩa Mác - Lênin. (Giáo trình 2021, tr.44-47)","Chủ nghĩa Mác - Lênin là tiền đề lý luận quan trọng nhất, quyết định việc hình thành tư tưởng Hồ Chí Minh.",Cơ sở lý luận: chủ nghĩa Mác - Lênin
2,ch2-b1,Cơ sở hình thành tư tưởng Hồ Chí Minh,7,"Phẩm chất: lý tưởng cao cả, hoài bão lớn cứu dân, cứu nước; ý chí, nghị lực to lớn, một mình đi ra nước ngoài với hai bàn tay trắng, làm nhiều nghề để kiếm sống, biết nhiều ngoại ngữ, tự học hỏi; bản lĩnh tư duy độc lập, tự chủ, sáng tạo, giàu tính phê phán, đổi mới và cách mạng; tầm nhìn chiến lược, năng lực tổng kết thực tiễn và dự báo tương lai; suốt đời tận trung với nước, tận hiếu với dân.

Tài năng hoạt động, tổng kết thực tiễn phát triển lý luận: trước khi trở thành Chủ tịch nước, Người đã sống, học tập và hoạt động cách mạng ở gần 30 nước trên thế giới; tham gia sáng lập Đảng Cộng sản Pháp; chuẩn bị về nhiều mặt cho sự ra đời của Đảng Cộng sản Việt Nam; sáng lập Mặt trận dân tộc thống nhất; sáng lập Quân đội nhân dân Việt Nam; khai sinh Nhà nước kiểu mới ở Việt Nam.

Những phẩm chất cá nhân cùng hoạt động thực tiễn phong phú là nhân tố chủ quan hình thành nên tư tưởng Hồ Chí Minh. (Giáo trình 2021, tr.47-49)","Cơ sở hình thành gồm: cơ sở thực tiễn, cơ sở lý luận và nhân tố chủ quan.",Nhân tố chủ quan Hồ Chí Minh
2,ch2-b2,Quá trình hình thành và phát triển tư tưởng Hồ Chí Minh,1,"Hồ Chí Minh (lúc nhỏ tên là Nguyễn Sinh Cung, sau đổi thành Nguyễn Tất Thành) sinh ngày 19/5/1890 ở Nghệ An, trong một gia đình khoa bảng. Thân sinh là cụ Nguyễn Sinh Sắc đỗ phó bảng, từng làm Tri huyện Bình Khê, tỉnh Bình Định; cụ dạy các con: ""Đừng lấy phong cách nhà quan làm phong cách nhà ta"". Người mẹ là cụ Hoàng Thị Loan, nhân hậu, tần tảo, đảm đang.

Được theo học các vị túc nho và tiếp xúc sách báo tiến bộ ở Vinh và Huế, Hồ Chí Minh sớm có tư tưởng yêu nước và thể hiện trong hành động: tham gia phong trào chống thuế ở Trung Kỳ (năm 1908); là thầy giáo Trường Dục Thanh, Phan Thiết (năm 1910). Người rất khâm phục các vị tiền bối như Phan Bội Châu, Phan Châu Trinh, Hoàng Hoa Thám nhưng không tán thành các phương pháp, khuynh hướng cứu nước của các vị đó; muốn tìm hiểu những gì ẩn giấu sau sức mạnh của kẻ thù. Ngày 5/6/1911, Hồ Chí Minh đi ra nước ngoài tìm con đường cứu nước, cứu dân. (Giáo trình 2021, tr.50-52)","Ngày 5/6/1911, Hồ Chí Minh ra đi tìm đường cứu nước.",Thời kỳ trước năm 1911
2,ch2-b2,Quá trình hình thành và phát triển tư tưởng Hồ Chí Minh,2,"Từ năm 1911 đến 1917, Hồ Chí Minh đến nhiều nước; hình thành nhận thức mới: nhân dân lao động các nước bị bóc lột có thể là bạn của nhau, còn chủ nghĩa đế quốc, thực dân ở đâu cũng là kẻ bóc lột, kẻ thù của nhân dân lao động. Năm 1917 Người trở lại Pháp; năm 1919 gia nhập Đảng Xã hội Pháp.

Ngày 18/6/1919, lấy tên Nguyễn Ái Quốc, Người gửi Yêu sách của nhân dân An Nam tới Hội nghị Vécxây, đòi quyền tự do, dân chủ cho nhân dân Việt Nam; đây là tiếng nói chính nghĩa đầu tiên của đại biểu phong trào giải phóng dân tộc Việt Nam trên diễn đàn quốc tế.

Tháng 7/1920, Người đọc Sơ thảo lần thứ nhất những luận cương về vấn đề dân tộc và vấn đề thuộc địa của V.I. Lênin và tìm thấy phương hướng đấu tranh giải phóng dân tộc theo con đường cách mạng vô sản. Tại Đại hội ở thành phố Tua (25 đến 30/12/1920), Người bỏ phiếu tán thành Quốc tế Cộng sản, tham gia sáng lập Đảng Cộng sản Pháp, trở thành người cộng sản Việt Nam đầu tiên: bước ngoặt chủ nghĩa yêu nước kết hợp chặt chẽ với lập trường cách mạng vô sản. (Giáo trình 2021, tr.52-54)",Đại hội Tua (12/1920): Hồ Chí Minh trở thành người cộng sản Việt Nam đầu tiên.,Thời kỳ 1911 - 1920
2,ch2-b2,Quá trình hình thành và phát triển tư tưởng Hồ Chí Minh,3,"Đây là thời kỳ mục tiêu, phương hướng cách mạng giải phóng dân tộc Việt Nam từng bước được cụ thể hóa, thể hiện rõ trong Cương lĩnh chính trị đầu tiên của Đảng.

Năm 1921, Người tham gia sáng lập Hội Liên hiệp thuộc địa; năm 1922 sáng lập báo Le Paria bằng tiếng Pháp. Tác phẩm Bản án chế độ thực dân Pháp xuất bản lần đầu ở Pari năm 1925. Tháng 6/1925, Người sáng lập Hội Việt Nam Cách mạng Thanh niên, ra báo Thanh niên bằng tiếng Việt. Tác phẩm Đường cách mệnh xuất bản năm 1927 ở Quảng Châu (Trung Quốc) nêu rõ cách mạng Việt Nam phải có Đảng Cộng sản với chủ nghĩa Mác - Lênin làm cốt để lãnh đạo; lực lượng cách mạng là toàn thể nhân dân Việt Nam, nòng cốt là liên minh công nông.

Đầu năm 1930, Hồ Chí Minh chủ trì Hội nghị hợp nhất các tổ chức cộng sản thành Đảng Cộng sản Việt Nam, thông qua các văn kiện do Người khởi thảo, được coi là Cương lĩnh chính trị đầu tiên của Đảng. Việc này chấm dứt cuộc khủng hoảng về đường lối cứu nước và tổ chức lãnh đạo cách mạng kéo dài từ cuối thế kỷ XIX. (Giáo trình 2021, tr.54-57)","Đầu năm 1930: Hội nghị hợp nhất, Cương lĩnh chính trị đầu tiên của Đảng, chấm dứt khủng hoảng về đường lối cứu nước.",Thời kỳ 1920 - 1930
2,ch2-b2,Quá trình hình thành và phát triển tư tưởng Hồ Chí Minh,4,"Thử thách lớn không chỉ từ kẻ thù mà còn từ nội bộ. Một số người trong Quốc tế Cộng sản và Đảng Cộng sản Đông Dương, do chịu ảnh hưởng quan điểm giáo điều tả khuynh của Đại hội VI Quốc tế Cộng sản, phê phán tư tưởng của Hồ Chí Minh là ""hữu khuynh"", ""dân tộc chủ nghĩa"". Hội nghị Trung ương tháng 10/1930 ra Án nghị quyết ""thủ tiêu Chánh cương, Sách lược và Điều lệ Đảng"" và đổi tên Đảng thành Đảng Cộng sản Đông Dương.

Thoát khỏi nhà tù của thực dân Anh ở Hồng Kông, năm 1934 Hồ Chí Minh trở lại Liên Xô, vào học Trường quốc tế Lênin. Ngày 6/6/1938, Người gửi thư đề nghị được trở về nước hoạt động và được chấp nhận. Tháng 10/1938 Người rời Liên Xô, đi qua Trung Quốc; tháng 12/1940 về gần biên giới Việt - Trung; tháng 1/1941 viết sách Con đường giải phóng.

Cuối tháng 1/1941, Người về nước. Tháng 5/1941, tại Pác Bó (Hà Quảng, Cao Bằng), Người chủ trì Hội nghị Ban Chấp hành Trung ương Đảng, đặt nhiệm vụ giải phóng dân tộc lên hàng đầu: ""quyền lợi dân tộc giải phóng cao hơn hết thảy""; nêu chủ trương lập Mặt trận Việt Minh. Tư tưởng Hồ Chí Minh trở thành yếu tố chỉ đạo cách mạng Việt Nam từ Hội nghị này. (Giáo trình 2021, tr.57-61)",Hội nghị Trung ương tháng 5/1941 ở Pác Bó đặt nhiệm vụ giải phóng dân tộc lên hàng đầu.,Thời kỳ 1930 - 1941
2,ch2-b2,Quá trình hình thành và phát triển tư tưởng Hồ Chí Minh,5,"Ngày 19/5/1941 Hồ Chí Minh sáng lập Mặt trận Việt Minh; ngày 22/12/1944 sáng lập Đội Việt Nam Tuyên truyền Giải phóng quân, tiền thân của Quân đội nhân dân Việt Nam; ngày 18/8/1945 ra Lời kêu gọi Tổng khởi nghĩa. Cách mạng Tháng Tám năm 1945 lật đổ chế độ phong kiến hơn nghìn năm, ách thống trị của thực dân Pháp hơn 80 năm và giành lại độc lập từ tay phátxít Nhật. Ngày 2/9/1945 tại Quảng trường Ba Đình (Hà Nội), Người đọc Tuyên ngôn độc lập khai sinh nước Việt Nam Dân chủ Cộng hòa.

Từ 2/9/1945 đến 19/12/1946, với phương châm ""Dĩ bất biến, ứng vạn biến"", Người chỉ đạo sách lược linh hoạt vượt qua thử thách ""ngàn cân treo sợi tóc"". Ngày 19/12/1946, Người ra Lời kêu gọi toàn quốc kháng chiến; đường lối kháng chiến là lâu dài, toàn dân, toàn diện, tự lực cánh sinh. Năm 1954 kháng chiến chống thực dân Pháp thắng lợi.

Từ 1954 đến 1969, Người xác định hai nhiệm vụ chiến lược: xây dựng chủ nghĩa xã hội ở miền Bắc và tiếp tục cách mạng dân tộc dân chủ nhân dân ở miền Nam. Ngày 17/7/1966, Người nêu chân lý: ""Không có gì quý hơn độc lập, tự do"". Trước khi đi xa, Người để lại Di chúc. Từ năm 1975, cả nước hòa bình, độc lập, thống nhất đi lên chủ nghĩa xã hội. (Giáo trình 2021, tr.59-64)","Ngày 2/9/1945 Hồ Chí Minh đọc Tuyên ngôn độc lập; ngày 17/7/1966: ""Không có gì quý hơn độc lập, tự do"".",Thời kỳ 1941 - 1969
2,ch2-b3,Giá trị tư tưởng Hồ Chí Minh,1,"Tư tưởng Hồ Chí Minh đưa cách mạng giải phóng dân tộc Việt Nam đến thắng lợi và bắt đầu xây dựng một xã hội mới. Hồ Chí Minh tìm thấy con đường cứu nước, sáng lập, lãnh đạo và rèn luyện Đảng ta thành một đảng cách mạng chân chính, lãnh đạo Cách mạng Tháng Tám năm 1945 thành công, mở ra một kỷ nguyên mới: kỷ nguyên độc lập dân tộc và chủ nghĩa xã hội. Thực tiễn thắng lợi của cách mạng Việt Nam chứng minh tính đúng đắn, giàu sáng tạo của tư tưởng Hồ Chí Minh. Đó là một hệ thống mở đầy sức sống, được Đảng tiếp tục vận dụng sáng tạo, bổ sung, phát triển trong sự nghiệp đổi mới.

Tư tưởng Hồ Chí Minh là nền tảng tư tưởng và kim chỉ nam cho cách mạng Việt Nam. Lần đầu tiên trong lịch sử tư tưởng Việt Nam, tư tưởng định hướng, soi đường, chỉ đạo sự phát triển của cách mạng và dân tộc là của chính người dân Việt Nam. Tư tưởng ấy tiếp tục soi đường thực hiện mục tiêu dân giàu, nước mạnh, dân chủ, công bằng, văn minh. (Giáo trình 2021, tr.65-67)",Tư tưởng Hồ Chí Minh là nền tảng tư tưởng và kim chỉ nam cho cách mạng Việt Nam.,Giá trị đối với cách mạng Việt Nam
2,ch2-b3,Giá trị tư tưởng Hồ Chí Minh,2,"Hồ Chí Minh là người Anh hùng giải phóng dân tộc tiêu biểu của thế kỷ XX. Cống hiến lý luận lớn đầu tiên của Người là về cách mạng giải phóng dân tộc: muốn thắng lợi triệt để phải đi theo con đường cách mạng vô sản, do toàn thể nhân dân tiến hành với nòng cốt liên minh công nông dưới sự lãnh đạo của Đảng Cộng sản; có thể thắng lợi trước cách mạng vô sản ở chính quốc; bằng con đường bạo lực, kết hợp đấu tranh chính trị của quần chúng với đấu tranh vũ trang.

Hồ Chí Minh là người Việt Nam đầu tiên khẳng định hợp tác quốc tế là xu thế tất yếu của thời đại. Ngay từ những năm 20 của thế kỷ XX, Người chỉ ra sự hợp tác, đoàn kết giữa các dân tộc nhỏ yếu, bị áp bức tạo nên sức mạnh chống đế quốc, thực dân, chống chính sách ""chia để trị"". Một nội dung lớn trong tư tưởng của Người là ""Làm bạn với tất cả mọi nước dân chủ và không gây thù oán với một ai"", trên cơ sở giữ vững độc lập chủ quyền, bình đẳng cùng có lợi. (Giáo trình 2021, tr.66-70)",Cống hiến lý luận lớn đầu tiên của Hồ Chí Minh là về cách mạng giải phóng dân tộc.,Giá trị đối với sự phát triển tiến bộ của nhân loại
2,ch2-b3,Giá trị tư tưởng Hồ Chí Minh,3,"Tại Đại hội đại biểu toàn quốc lần thứ XII, tổng kết 86 năm hoạt động, Đảng Cộng sản Việt Nam khẳng định: Chủ tịch Hồ Chí Minh vĩ đại là lãnh tụ thiên tài của Đảng và nhân dân ta, Người thầy vĩ đại của cách mạng Việt Nam, Người sáng lập, lãnh đạo và rèn luyện Đảng ta, Anh hùng giải phóng dân tộc, Danh nhân văn hóa thế giới. Tư tưởng của Người, cùng với chủ nghĩa Mác - Lênin, là nền tảng tư tưởng, kim chỉ nam cho hành động của Đảng và cách mạng Việt Nam, là tài sản tinh thần vô cùng to lớn và quý giá của Đảng và dân tộc ta.

Nhận thức về giá trị của di sản tư tưởng Hồ Chí Minh là cả một quá trình lâu dài, ngày càng hoàn thiện và đầy đủ hơn. Việc nghiên cứu, học tập cần góp phần làm cho tư tưởng, đạo đức, phong cách Hồ Chí Minh trở thành một bộ phận cấu thành nền tảng tinh thần vững chắc của xã hội Việt Nam hiện đại. (Giáo trình 2021, tr.71)","Đại hội XII (tổng kết 86 năm hoạt động) tôn vinh Hồ Chí Minh là Anh hùng giải phóng dân tộc, Danh nhân văn hóa thế giới.",Đánh giá của Đảng và yêu cầu học tập
3,ch3-b1,Tư tưởng Hồ Chí Minh về độc lập dân tộc,1,"Người nói: cái mà tôi cần nhất trên đời là đồng bào tôi được tự do, Tổ quốc tôi được độc lập. Năm 1919, thay mặt những người Việt Nam yêu nước, Hồ Chí Minh gửi tới Hội nghị Vécxây bản Yêu sách của nhân dân An Nam gồm 8 điểm, với hai nội dung chính là đòi quyền bình đẳng về mặt pháp lý và đòi các quyền tự do, dân chủ của người dân Đông Dương. Bản yêu sách không được Hội nghị chấp nhận, nhưng cho thấy lần đầu tiên tư tưởng Hồ Chí Minh về quyền của các dân tộc thuộc địa đã hình thành.

Dựa vào Tuyên ngôn độc lập của cách mạng Mỹ năm 1776 và Tuyên ngôn nhân quyền và dân quyền của Cách mạng Pháp năm 1791, Người khẳng định: tất cả các dân tộc trên thế giới đều sinh ra bình đẳng; dân tộc nào cũng có quyền sống, quyền sung sướng và quyền tự do.

Trong Chánh cương vắn tắt của Đảng (năm 1930), mục tiêu chính trị là đánh đổ đế quốc chủ nghĩa Pháp và bọn phong kiến, làm cho nước Nam được hoàn toàn độc lập. Trong Tuyên ngôn độc lập (năm 1945), Người tuyên bố toàn thể dân Việt Nam quyết đem tất cả tinh thần và lực lượng, tính mệnh và của cải để giữ vững quyền tự do và độc lập ấy. (Giáo trình 2021, tr.74-76)","Độc lập, tự do là quyền thiêng liêng, bất khả xâm phạm của tất cả các dân tộc.","Độc lập, tự do là quyền thiêng liêng của các dân tộc"
3,ch3-b1,Tư tưởng Hồ Chí Minh về độc lập dân tộc,2,"Trong Lời kêu gọi Liên hợp quốc năm 1946, Người khẳng định nhân dân Việt Nam mong muốn hòa bình nhưng kiên quyết chiến đấu đến cùng để bảo vệ toàn vẹn lãnh thổ và độc lập cho đất nước. Trong Lời kêu gọi toàn quốc kháng chiến ngày 19/12/1946, Người viết: ""Không! Chúng ta thà hy sinh tất cả, chứ nhất định không chịu mất nước, nhất định không chịu làm nô lệ"".

Năm 1965, đế quốc Mỹ đưa quân viễn chinh vào miền Nam, tiến hành chiến lược ""Chiến tranh cục bộ"" và gây chiến tranh phá hoại miền Bắc. Trong hoàn cảnh ác liệt đó, Hồ Chí Minh nêu lên một chân lý thời đại, một tuyên ngôn bất hủ của các dân tộc khao khát độc lập, tự do: ""Không có gì quý hơn độc lập, tự do"". Nhân dân Việt Nam đã anh dũng đánh thắng đế quốc Mỹ xâm lược, buộc chúng ký Hiệp định Pari, cam kết tôn trọng các quyền dân tộc cơ bản của nhân dân Việt Nam và rút quân Mỹ về nước. (Giáo trình 2021, tr.75-76)","""Không có gì quý hơn độc lập, tự do"" là chân lý thời đại do Hồ Chí Minh nêu lên.","Chân lý ""Không có gì quý hơn độc lập, tự do"""
3,ch3-b1,Tư tưởng Hồ Chí Minh về độc lập dân tộc,3,"Theo Hồ Chí Minh, độc lập dân tộc phải gắn với tự do của nhân dân. Người đánh giá cao học thuyết ""Tam dân"" của Tôn Trung Sơn: dân tộc độc lập, dân quyền tự do và dân sinh hạnh phúc. Người nói: ""Nước độc lập mà dân không hưởng hạnh phúc tự do, thì độc lập cũng chẳng có nghĩa lý gì"".

Ngay sau Cách mạng Tháng Tám năm 1945, Người yêu cầu phải thực hiện ngay: làm cho dân có ăn, làm cho dân có mặc, làm cho dân có chỗ ở, làm cho dân có học hành. Người từng bộc bạch chỉ có một sự ham muốn tột bậc là nước ta hoàn toàn độc lập, dân ta hoàn toàn tự do, đồng bào ai cũng có cơm ăn áo mặc, ai cũng được học hành.

Độc lập dân tộc phải là độc lập thật sự, hoàn toàn và triệt để trên tất cả các lĩnh vực. Thực dân, đế quốc hay dùng chiêu bài mị dân, lập chính phủ bù nhìn, tuyên truyền ""độc lập tự do"" giả hiệu. Độc lập mà người dân không có quyền tự quyết về ngoại giao, không có quân đội riêng, không có nền tài chính riêng thì chẳng có ý nghĩa gì. (Giáo trình 2021, tr.76-79)","Độc lập dân tộc phải gắn với tự do, hạnh phúc của nhân dân và phải là độc lập thật sự, hoàn toàn, triệt để.","Độc lập gắn với tự do, hạnh phúc; độc lập thật sự, hoàn toàn"
3,ch3-b1,Tư tưởng Hồ Chí Minh về độc lập dân tộc,4,"Thực dân Pháp khi xâm lược đã chia đất nước ta ra ba kỳ, mỗi kỳ có chế độ cai trị riêng. Sau Cách mạng Tháng Tám, miền Bắc bị quân Tưởng Giới Thạch chiếm đóng, miền Nam bị thực dân Pháp xâm lược và sau đó Pháp bày ra cái gọi là ""Nam Kỳ tự trị"" hòng chia cắt nước ta.

Trong Thư gửi đồng bào Nam Bộ (năm 1946), Hồ Chí Minh khẳng định: ""Đồng bào Nam Bộ là dân nước Việt Nam. Sông có thể cạn, núi có thể mòn, song chân lý đó không bao giờ thay đổi"". Sau Hiệp định Giơnevơ năm 1954, đất nước tạm thời bị chia cắt làm hai miền, Người kiên trì đấu tranh thống nhất Tổ quốc; tháng 2/1958 Người khẳng định: ""Nước Việt Nam là một, dân tộc Việt Nam là một"". Trong Di chúc, Người tin tuyệt đối rằng Tổ quốc ta nhất định sẽ thống nhất, đồng bào Nam, Bắc nhất định sẽ sum họp một nhà. (Giáo trình 2021, tr.79-80)","Độc lập dân tộc gắn liền với thống nhất Tổ quốc, toàn vẹn lãnh thổ là tư tưởng xuyên suốt của Hồ Chí Minh.",Độc lập gắn với thống nhất và toàn vẹn lãnh thổ
3,ch3-b1,Tư tưởng Hồ Chí Minh về độc lập dân tộc,5,"Từ khi Pháp xâm lược, vấn đề sống còn là giải phóng dân tộc khỏi ách thực dân, đế quốc. Các phong trào yêu nước thất bại thể hiện sự khủng hoảng về giai cấp lãnh đạo và đường lối. Hồ Chí Minh ra nước ngoài để xem xét rồi về giúp đồng bào, nhưng qua tìm hiểu thực tế Người không chọn con đường cách mạng tư sản, vì cách mệnh Pháp cũng như cách mệnh Mỹ là ""cách mệnh không đến nơi"", tiếng là cộng hòa và dân chủ nhưng trong thì tước lực công nông, ngoài thì áp bức thuộc địa.

Cách mạng Tháng Mười Nga năm 1917 ảnh hưởng sâu sắc đến sự lựa chọn của Người. Năm 1920, sau khi đọc Sơ thảo lần thứ nhất những luận cương về vấn đề dân tộc và vấn đề thuộc địa của V.I. Lênin, Người tìm thấy con đường cứu nước và sau này khẳng định: ""Muốn cứu nước và giải phóng dân tộc không có con đường nào khác con đường cách mạng vô sản"".

Theo Mác và Ăngghen, con đường ở châu Âu là giải phóng giai cấp - dân tộc - xã hội - con người. Theo Hồ Chí Minh, ở Việt Nam và các nước thuộc địa phải là: giải phóng dân tộc - giải phóng xã hội - giải phóng giai cấp - giải phóng con người; giải phóng dân tộc là trước hết, trên hết. Trong Chánh cương vắn tắt, Người đặt lên hàng đầu nhiệm vụ chống đế quốc, giải phóng dân tộc, còn nhiệm vụ chống phong kiến sẽ từng bước thực hiện; đó là nét độc đáo, sáng tạo của Hồ Chí Minh. (Giáo trình 2021, tr.80-83)",Ở Việt Nam và các nước thuộc địa: giải phóng dân tộc - giải phóng xã hội - giải phóng giai cấp - giải phóng con người.,Con đường cách mạng vô sản
3,ch3-b1,Tư tưởng Hồ Chí Minh về độc lập dân tộc,6,"Trong Đường cách mệnh (năm 1927), Người đặt vấn đề: cách mệnh trước hết phải có cái gì? Trước hết phải có đảng cách mệnh; đảng có vững cách mệnh mới thành công. Hồ Chí Minh cho rằng Đảng Cộng sản vừa là đội tiên phong của giai cấp công nhân vừa là đội tiên phong của nhân dân lao động; trong Báo cáo chính trị tại Đại hội II (năm 1951), Người viết: chính vì Đảng là Đảng của giai cấp công nhân và nhân dân lao động, cho nên nó phải là Đảng của dân tộc Việt Nam.

Cách mạng phải dựa trên lực lượng đại đoàn kết toàn dân tộc, lấy liên minh công - nông làm nền tảng. Người quan niệm: có dân là có tất cả; được lòng dân thì được tất cả, mất lòng dân thì mất tất cả. Trong Lời kêu gọi toàn quốc kháng chiến, Người kêu gọi không chia tôn giáo, đảng phái, dân tộc: hễ là người Việt Nam thì phải đứng lên đánh thực dân Pháp để cứu Tổ quốc. Đồng thời không được quên công nông là người chủ cách mệnh, là gốc cách mệnh. (Giáo trình 2021, tr.83-86)","Cách mạng giải phóng dân tộc phải do Đảng Cộng sản lãnh đạo và dựa trên đại đoàn kết toàn dân, lấy liên minh công - nông làm nền tảng.",Đảng lãnh đạo và lực lượng đại đoàn kết toàn dân
3,ch3-b1,Tư tưởng Hồ Chí Minh về độc lập dân tộc,7,"Đại hội VI Quốc tế Cộng sản (năm 1928) thông qua luận cương cho rằng chỉ có thể giải phóng hoàn toàn các nước thuộc địa khi giai cấp vô sản giành thắng lợi ở các nước tư bản tiên tiến; quan điểm này làm giảm tính chủ động, sáng tạo của nhân dân thuộc địa.

Hồ Chí Minh chỉ rõ mối quan hệ khăng khít, bình đẳng giữa cách mạng thuộc địa và cách mạng vô sản ở chính quốc. Trong Bản án chế độ thực dân Pháp (năm 1925), Người viết: chủ nghĩa tư bản là một con đỉa có một cái vòi bám vào giai cấp vô sản ở chính quốc và một cái vòi khác bám vào giai cấp vô sản ở thuộc địa; muốn giết nó phải đồng thời cắt cả hai vòi. Người cho rằng cách mạng thuộc địa không phụ thuộc mà có thể giành thắng lợi trước cách mạng vô sản ở chính quốc, vì nọc độc và sức sống của con rắn độc tư bản chủ nghĩa tập trung ở các thuộc địa, và tinh thần đấu tranh của các dân tộc thuộc địa sẽ bùng lên thành ""lực lượng khổng lồ"". Trong Tuyên ngôn của Hội Liên hiệp thuộc địa, Người viết: công cuộc giải phóng anh em chỉ có thể thực hiện được bằng sự nỗ lực của bản thân anh em. (Giáo trình 2021, tr.87-90)","Cách mạng giải phóng dân tộc cần chủ động, sáng tạo, có khả năng giành thắng lợi trước cách mạng vô sản ở chính quốc.","Cách mạng thuộc địa chủ động, sáng tạo"
3,ch3-b1,Tư tưởng Hồ Chí Minh về độc lập dân tộc,8,"C. Mác viết trong bộ Tư bản (xuất bản lần đầu năm 1867): bạo lực là bà đỡ của một chế độ xã hội cũ đang thai nghén một chế độ mới; Ph. Ăngghen nhắc lại trong Chống Đuyrinh (năm 1878). V.I. Lênin khẳng định tính tất yếu của bạo lực cách mạng.

Hồ Chí Minh vận dụng sáng tạo: cần dùng bạo lực cách mạng chống lại bạo lực phản cách mạng, giành lấy chính quyền và bảo vệ chính quyền. Người chỉ rõ chế độ thực dân tự bản thân nó đã là một hành động bạo lực của kẻ mạnh đối với kẻ yếu.

Bạo lực cách mạng là bạo lực của quần chúng, gồm hai lực lượng (chính trị và quân sự) và hai hình thức đấu tranh (đấu tranh chính trị và đấu tranh vũ trang). Đấu tranh chính trị của quần chúng là cơ sở, nền tảng; đấu tranh vũ trang có ý nghĩa quyết định đối với việc tiêu diệt lực lượng quân sự và âm mưu thôn tính của kẻ thù. Trong Cách mạng Tháng Tám năm 1945, tổng khởi nghĩa chủ yếu dựa vào lực lượng chính trị, kết hợp với lực lượng vũ trang. (Giáo trình 2021, tr.90-92)","Bạo lực cách mạng là bạo lực của quần chúng, kết hợp đấu tranh chính trị với đấu tranh vũ trang.",Bạo lực cách mạng
3,ch3-b2,Chủ nghĩa xã hội và xây dựng chủ nghĩa xã hội ở Việt Nam,1,"Hồ Chí Minh không định nghĩa chủ nghĩa xã hội mà tiếp cận ở nhiều góc độ, bằng cách chỉ ra đặc trưng ở từng lĩnh vực. Người nói: chủ nghĩa xã hội trước hết nhằm làm cho nhân dân lao động thoát nạn bần cùng, làm cho mọi người có công ăn việc làm, được ấm no và sống một đời hạnh phúc.

Trong xã hội có giai cấp bóc lột thống trị, lợi ích cá nhân của quần chúng lao động bị giày xéo; trái lại, trong chế độ xã hội chủ nghĩa do nhân dân lao động làm chủ, lợi ích cá nhân nằm trong lợi ích của tập thể.

Chủ nghĩa cộng sản có hai giai đoạn: giai đoạn thấp là chủ nghĩa xã hội, giai đoạn cao là chủ nghĩa cộng sản. Hai giai đoạn giống nhau ở chỗ sức sản xuất đã phát triển cao, tư liệu sản xuất đều là của chung, không có giai cấp áp bức bóc lột; khác nhau ở chỗ chủ nghĩa xã hội vẫn còn chút ít vết tích xã hội cũ, còn xã hội cộng sản hoàn toàn không còn. (Giáo trình 2021, tr.92-94)",Chủ nghĩa xã hội là giai đoạn đầu (giai đoạn thấp) của xã hội cộng sản chủ nghĩa.,Quan niệm về chủ nghĩa xã hội
3,ch3-b2,Chủ nghĩa xã hội và xây dựng chủ nghĩa xã hội ở Việt Nam,2,"Vận dụng học thuyết hình thái kinh tế - xã hội của C. Mác, Hồ Chí Minh cho rằng cách sản xuất và sức sản xuất phát triển và biến đổi mãi, do đó chế độ xã hội cũng phát triển từ cộng sản nguyên thủy đến chế độ nô lệ, phong kiến, tư bản chủ nghĩa và tiến lên chủ nghĩa xã hội, cộng sản chủ nghĩa; sự phát triển đó không ai ngăn cản được.

Ngay từ năm 1953, Người nhận thấy tùy hoàn cảnh, các dân tộc phát triển theo con đường khác nhau: có nước đi thẳng đến chủ nghĩa xã hội như Liên Xô; có nước phải kinh qua chế độ dân chủ mới rồi tiến lên chủ nghĩa xã hội như các nước Đông Âu, Trung Quốc, Việt Nam. Chế độ dân chủ mới là chế độ dưới sự lãnh đạo của Đảng và giai cấp công nhân, nhân dân đã đánh đổ đế quốc và phong kiến, trên nền tảng công nông liên minh, nhân dân lao động làm chủ.

Đối với Việt Nam, nhiều khuynh hướng cứu nước đã được thử nghiệm nhưng không đem lại kết quả cuối cùng; chỉ có chủ nghĩa xã hội mới là nguồn gốc của tự do, bình đẳng, bác ái. (Giáo trình 2021, tr.94-97)",Có nước đi thẳng lên chủ nghĩa xã hội; có nước phải kinh qua chế độ dân chủ mới như Việt Nam.,Tiến lên chủ nghĩa xã hội là tất yếu khách quan
3,ch3-b2,Chủ nghĩa xã hội và xây dựng chủ nghĩa xã hội ở Việt Nam,3,"Thứ nhất, về chính trị: xã hội xã hội chủ nghĩa là xã hội do nhân dân làm chủ, dưới sự lãnh đạo của đảng cộng sản trên nền tảng liên minh công - nông; nhà nước là của dân, do dân và vì dân.

Thứ hai, về kinh tế: là xã hội có nền kinh tế phát triển cao dựa trên lực lượng sản xuất hiện đại và chế độ công hữu về tư liệu sản xuất chủ yếu; công cụ lao động đã phát triển dần đến máy móc, sức điện, sức nguyên tử; nhà máy, xe lửa, ngân hàng làm của chung.

Thứ ba, về văn hóa, đạo đức và các quan hệ xã hội: có trình độ phát triển cao về văn hóa và đạo đức, bảo đảm công bằng, hợp lý; không còn người bóc lột người; ai cũng phải lao động và ai cũng có quyền lao động; làm nhiều hưởng nhiều, làm ít hưởng ít, không làm thì không hưởng (trừ những người chưa có hoặc không còn khả năng lao động).

Thứ tư, về chủ thể xây dựng: chủ nghĩa xã hội là công trình tập thể của nhân dân dưới sự lãnh đạo của Đảng Cộng sản, một đảng cách mạng chân chính của giai cấp công nhân, toàn tâm toàn ý phục vụ nhân dân. (Giáo trình 2021, tr.97-100)","Bốn đặc trưng: chính trị do nhân dân làm chủ; kinh tế phát triển cao; văn hóa, đạo đức, quan hệ xã hội công bằng; chủ thể là nhân dân dưới sự lãnh đạo của Đảng.",Một số đặc trưng cơ bản của xã hội xã hội chủ nghĩa
3,ch3-b2,Chủ nghĩa xã hội và xây dựng chủ nghĩa xã hội ở Việt Nam,4,"Về chính trị: xây dựng chế độ dân chủ. Người nói: ""Chế độ ta là chế độ dân chủ. Tức là nhân dân làm chủ""; ""Nước ta là nước dân chủ, địa vị cao nhất là dân, vì dân là chủ"".

Về kinh tế: xây dựng nền kinh tế phát triển cao ""với công nghiệp và nông nghiệp hiện đại, khoa học và kỹ thuật tiên tiến"", dựa trên chế độ sở hữu toàn dân và sở hữu tập thể; kinh tế quốc doanh là hình thức sở hữu của toàn dân, kinh tế hợp tác xã là hình thức sở hữu tập thể của nhân dân lao động.

Về văn hóa: xây dựng nền văn hóa mang tính dân tộc, khoa học, đại chúng và tiếp thu tinh hoa văn hóa nhân loại. Người nói: ""Xã hội thế nào, văn nghệ thế ấy""; ""Có thực mới vực được đạo; vì thế kinh tế phải đi trước""; văn hóa phải xã hội chủ nghĩa về nội dung và dân tộc về hình thức.

Về quan hệ xã hội: bảo đảm dân chủ, công bằng, văn minh; mọi người có quyền làm việc, nghỉ ngơi, học tập, tự do ngôn luận, tự do tín ngưỡng, bầu cử, ứng cử; mọi công dân đều bình đẳng trước pháp luật. (Giáo trình 2021, tr.101-104)","Mục tiêu: chế độ dân chủ; kinh tế phát triển cao; văn hóa dân tộc, khoa học, đại chúng; quan hệ xã hội dân chủ, công bằng, văn minh.",Mục tiêu của chủ nghĩa xã hội ở Việt Nam
3,ch3-b2,Chủ nghĩa xã hội và xây dựng chủ nghĩa xã hội ở Việt Nam,5,"Hệ thống động lực của chủ nghĩa xã hội rất phong phú, gồm động lực vật chất và tinh thần, nội lực và ngoại lực; nhưng giữ vai trò quyết định là nội lực dân tộc, là nhân dân. Ba động lực hàng đầu là lợi ích của dân, dân chủ của dân và sức mạnh đoàn kết toàn dân. Người dạy: việc gì có lợi cho dân phải hết sức làm, việc gì có hại cho dân phải hết sức tránh; dân chủ là của quý báu nhất của nhân dân; đoàn kết toàn dân là lực lượng mạnh nhất.

Các động lực phát huy sức mạnh qua hoạt động của các tổ chức và con người cụ thể: sự lãnh đạo của Đảng giữ vai trò quyết định (Đảng như người cầm lái; có vững thì thuyền mới chạy); Nhà nước đại diện ý chí và quyền lực của nhân dân; các tổ chức chính trị - xã hội vì lợi ích thành viên trong sự thống nhất với lợi ích dân tộc. Kẻ địch bên trong cần chống là chủ nghĩa cá nhân và tư tưởng ""làm quan cách mạng"".

Về con người, Người khẳng định: muốn xây dựng chủ nghĩa xã hội, trước hết cần có những con người xã hội chủ nghĩa. Cần chống chủ nghĩa cá nhân; quan liêu, mệnh lệnh; tham ô, lãng phí; bảo thủ, rụt rè. Quan điểm ""xây"" đi đôi với ""chống"" là nét đặc sắc của tư tưởng Hồ Chí Minh. (Giáo trình 2021, tr.104-108)","Ba động lực hàng đầu: lợi ích của dân, dân chủ của dân, sức mạnh đoàn kết toàn dân.",Động lực của chủ nghĩa xã hội
3,ch3-b2,Chủ nghĩa xã hội và xây dựng chủ nghĩa xã hội ở Việt Nam,6,"Tính chất: thời kỳ quá độ là thời kỳ cải biến sâu sắc nhất nhưng phức tạp, lâu dài, khó khăn, gian khổ, thậm chí khó khăn hơn cả việc đánh giặc; tiến lên chủ nghĩa xã hội không thể một sớm một chiều, phải làm dần dần.

Đặc điểm: Hồ Chí Minh nhận thấy đặc điểm to nhất của ta trong thời kỳ quá độ là từ một nước nông nghiệp lạc hậu tiến thẳng lên chủ nghĩa xã hội, không phải kinh qua giai đoạn phát triển tư bản chủ nghĩa.

Nhiệm vụ: về chính trị, xây dựng chế độ dân chủ; về kinh tế, cải tạo nền kinh tế cũ, xây dựng nền kinh tế mới có công nghiệp và nông nghiệp hiện đại, trong đó xây dựng là nhiệm vụ chủ chốt và lâu dài; về văn hóa, tẩy trừ di tích thuộc địa và xây dựng nền văn hóa dân tộc, khoa học, đại chúng; về quan hệ xã hội, thay đổi triệt để những quan hệ cũ.

Bốn nguyên tắc xây dựng chủ nghĩa xã hội: (1) mọi tư tưởng, hành động phải trên nền tảng chủ nghĩa Mác - Lênin; (2) phải giữ vững độc lập dân tộc; (3) phải đoàn kết, học tập kinh nghiệm các nước anh em nhưng vận dụng sáng tạo (""Ta không thể giống Liên Xô""); (4) xây phải đi đôi với chống. (Giáo trình 2021, tr.108-114)","Bốn nguyên tắc: nền tảng Mác - Lênin; giữ vững độc lập dân tộc; đoàn kết, học tập kinh nghiệm anh em; xây đi đôi với chống.",Thời kỳ quá độ lên chủ nghĩa xã hội
3,ch3-b3,Quan hệ giữa độc lập dân tộc và chủ nghĩa xã hội,1,"Độc lập dân tộc là cơ sở, tiền đề để tiến lên chủ nghĩa xã hội. Trong Chánh cương vắn tắt của Đảng (năm 1930), Hồ Chí Minh khẳng định phương hướng chiến lược là ""làm tư sản dân quyền cách mạng và thổ địa cách mạng để đi tới xã hội cộng sản"": giải phóng dân tộc là mục tiêu đầu tiên, là cơ sở cho mục tiêu tiếp theo là chủ nghĩa xã hội và chủ nghĩa cộng sản. Độc lập dân tộc không phải mục tiêu cuối cùng mà là tiền đề cho cách mạng xã hội chủ nghĩa; cách mạng dân tộc dân chủ nhân dân càng sâu sắc, triệt để thì càng tạo tiền đề thuận lợi cho cách mạng xã hội chủ nghĩa. Cách mạng giải phóng dân tộc ở Việt Nam đi theo con đường cách mạng vô sản nên ngay từ đầu mang tính định hướng xã hội chủ nghĩa.

Ngược lại, chủ nghĩa xã hội là điều kiện bảo đảm nền độc lập dân tộc vững chắc. Năm 1960, Người khẳng định: chỉ có chủ nghĩa xã hội, chủ nghĩa cộng sản mới giải phóng được các dân tộc bị áp bức và những người lao động trên thế giới khỏi ách nô lệ. Chế độ dân chủ được thể chế hóa bằng pháp luật là điều kiện quan trọng nhất để bảo đảm nền độc lập dân tộc. Chủ nghĩa xã hội hiện thực còn góp phần hạn chế chiến tranh phi nghĩa, bảo vệ hòa bình thế giới. (Giáo trình 2021, tr.112-117)",Độc lập dân tộc là tiền đề của chủ nghĩa xã hội; chủ nghĩa xã hội là điều kiện bảo đảm độc lập dân tộc vững chắc.,Độc lập dân tộc và chủ nghĩa xã hội gắn bó với nhau
3,ch3-b3,Quan hệ giữa độc lập dân tộc và chủ nghĩa xã hội,2,"Một là, phải bảo đảm vai trò lãnh đạo tuyệt đối của Đảng Cộng sản trong suốt tiến trình cách mạng; không có sự lãnh đạo của Đảng thì cách mạng Việt Nam không thể đi theo con đường cách mạng vô sản và không thể giành được độc lập dân tộc.

Hai là, phải củng cố và tăng cường khối đại đoàn kết dân tộc mà nền tảng là khối liên minh công - nông, vì đại đoàn kết dân tộc là vấn đề có ý nghĩa chiến lược, quyết định sự thành công của cách mạng.

Ba là, phải đoàn kết, gắn bó chặt chẽ với cách mạng thế giới, để tạo sức mạnh to lớn cho cách mạng và góp phần cho hòa bình, độc lập, dân chủ và chủ nghĩa xã hội trên thế giới.

Ba điều kiện trên phải được bảo đảm, gắn bó chặt chẽ với nhau. (Giáo trình 2021, tr.117-118)",Ba điều kiện: Đảng lãnh đạo; đại đoàn kết dân tộc trên nền tảng liên minh công - nông; đoàn kết với cách mạng thế giới.,Ba điều kiện bảo đảm độc lập dân tộc gắn liền với chủ nghĩa xã hội
3,ch3-b4,Vận dụng tư tưởng Hồ Chí Minh về độc lập dân tộc gắn liền với chủ nghĩa xã hội,1,"Một là, kiên định mục tiêu và con đường cách mạng mà Hồ Chí Minh đã xác định: tiến tới chủ nghĩa xã hội và chủ nghĩa cộng sản là quá trình hợp quy luật. Đại hội VII của Đảng thông qua Cương lĩnh xây dựng đất nước trong thời kỳ quá độ lên chủ nghĩa xã hội; Đại hội XI bổ sung và phát triển. Bài học đầu tiên của Cương lĩnh là phải nắm vững ngọn cờ độc lập dân tộc và chủ nghĩa xã hội.

Hai là, phát huy sức mạnh dân chủ xã hội chủ nghĩa: bảo đảm tất cả quyền lực nhà nước thuộc về nhân dân, nhân dân tham gia vào quá trình ra quyết định theo phương châm ""dân biết, dân bàn, dân làm, dân kiểm tra""; đi đôi với hoàn thiện pháp luật, tăng cường pháp chế, phê phán dân chủ cực đoan, dân chủ hình thức.

Ba là, củng cố, kiện toàn, phát huy sức mạnh và hiệu quả hoạt động của toàn bộ hệ thống chính trị. Đặc điểm của hệ thống chính trị ở Việt Nam là tính nhất nguyên và tính thống nhất, dưới sự lãnh đạo của Đảng Cộng sản Việt Nam. Nhân dân thực hiện quyền làm chủ thông qua Nhà nước, hệ thống chính trị và các hình thức dân chủ trực tiếp, dân chủ đại diện. (Giáo trình 2021, tr.118-121)","Phương châm: ""dân biết, dân bàn, dân làm, dân kiểm tra"".","Kiên định mục tiêu, phát huy dân chủ và củng cố hệ thống chính trị"
3,ch3-b4,Vận dụng tư tưởng Hồ Chí Minh về độc lập dân tộc gắn liền với chủ nghĩa xã hội,2,"Bốn là, đấu tranh chống những biểu hiện suy thoái về tư tưởng chính trị, đạo đức, lối sống và ""tự diễn biến"", ""tự chuyển hóa"" trong nội bộ. Nếu không ngăn chặn, đẩy lùi kịp thời thì tình trạng suy thoái là một nguy cơ trực tiếp đe dọa sự tồn vong của Đảng và chế độ.

Vận dụng tư tưởng Hồ Chí Minh về độc lập dân tộc và chủ nghĩa xã hội hiện nay là phải thực hiện có hiệu quả các nghị quyết của Đảng, trong đó các nghị quyết về xây dựng Đảng giữ vị trí rất quan trọng, vì xây dựng Đảng là nhiệm vụ then chốt trong sự nghiệp đổi mới.

Hồ Chí Minh chưa sử dụng những khái niệm như ""suy thoái"", ""tự diễn biến"", ""tự chuyển hóa"", nhưng Người đã đề cập nhiều ""căn bệnh"" biểu hiện của nó và cảnh báo về tác hại của những ""căn bệnh"" này. Tăng cường xây dựng, chỉnh đốn Đảng để Đảng xứng đáng là Đảng cầm quyền, vì mục tiêu dân giàu, nước mạnh, dân chủ, công bằng, văn minh, giữ vững nền độc lập dân tộc trên con đường quá độ đi lên chủ nghĩa xã hội. (Giáo trình 2021, tr.121-122)",Xây dựng Đảng là nhiệm vụ then chốt trong sự nghiệp đổi mới.,"Đấu tranh chống suy thoái, ""tự diễn biến"", ""tự chuyển hóa"""
4,ch4-b1,Tư tưởng Hồ Chí Minh về Đảng Cộng sản Việt Nam,1,"Trong Đường cách mệnh (năm 1927), Hồ Chí Minh khẳng định: cách mạng trước hết phải có đảng cách mệnh, để trong thì vận động và tổ chức dân chúng, ngoài thì liên lạc với dân tộc bị áp bức và vô sản giai cấp mọi nơi. Đảng có vững, cách mệnh mới thành công, cũng như người cầm lái có vững thuyền mới chạy. Đó là quan điểm nhất quán của Người về vai trò lãnh đạo của Đảng Cộng sản Việt Nam, cả trong cách mạng dân tộc dân chủ nhân dân và cách mạng xã hội chủ nghĩa.

Đảng do Hồ Chí Minh sáng lập và rèn luyện là đảng chính trị tồn tại và phát triển theo quan điểm của V.I. Lênin về đảng kiểu mới của giai cấp vô sản. Đối với Việt Nam, Người nhận định: sự ra đời của Đảng Cộng sản Việt Nam là kết quả của sự kết hợp chủ nghĩa Mác - Lênin với phong trào công nhân và phong trào yêu nước. Từ năm 1925 trở đi, nhiều người yêu nước dần chuyển sang xu hướng cộng sản; tổ chức tiêu biểu nhất là Hội Việt Nam Cách mệnh Thanh niên do Hồ Chí Minh lập ra. Đảng ra đời từ nhu cầu tất yếu của xã hội Việt Nam từ đầu năm 1930 và được toàn dân tộc trao sứ mệnh lãnh đạo đất nước. (Giáo trình 2021, tr.124-126)","Đảng có vững, cách mệnh mới thành công, cũng như người cầm lái có vững thuyền mới chạy.",Tính tất yếu và vai trò lãnh đạo của Đảng
4,ch4-b1,Tư tưởng Hồ Chí Minh về Đảng Cộng sản Việt Nam,2,"Trong bài nói tại Lễ kỷ niệm 30 năm Ngày thành lập Đảng (năm 1960), Hồ Chí Minh khẳng định: ""Đảng ta là đạo đức, là văn minh"". Người coi đạo đức cách mạng là gốc, là nền tảng của người cách mạng. Đạo đức của Đảng thể hiện ở mục đích hoạt động (giải phóng dân tộc, xã hội, giai cấp, con người); ở cương lĩnh, đường lối luôn trung thành với lợi ích toàn dân tộc, Đảng không có mục đích riêng; ở đội ngũ đảng viên thấm nhuần đạo đức cách mạng: có tình đồng chí thương yêu lẫn nhau; trung với Đảng, trung với nước, hiếu với dân; có bốn đức cần, kiệm, liêm, chính và chí công vô tư. Đảng viên là những người giàu sang không thể quyến rũ, nghèo khó không thể chuyển lay, uy lực không thể khuất phục.

Đảng văn minh có sáu nội dung: (1) tiêu biểu cho lương tâm, trí tuệ và danh dự của dân tộc; (2) ra đời là tất yếu, lấy lợi ích tối cao của dân tộc làm trọng; (3) luôn trong sạch, vững mạnh, làm tròn sứ mệnh lịch sử; (4) hoạt động trong khuôn khổ Hiến pháp và pháp luật, không đứng trên dân tộc; (5) đảng viên là chiến sĩ tiên phong, gương mẫu; (6) có quan hệ quốc tế trong sáng. Nếu Đảng không đạo đức, văn minh thì Đảng sẽ mất quyền lãnh đạo. (Giáo trình 2021, tr.126-130)","""Đảng ta là đạo đức, là văn minh"" (năm 1960); bốn đức: cần, kiệm, liêm, chính, cùng chí công vô tư.","Đảng là đạo đức, là văn minh"
4,ch4-b1,Tư tưởng Hồ Chí Minh về Đảng Cộng sản Việt Nam,3,"Đảng lấy chủ nghĩa Mác - Lênin làm nền tảng tư tưởng và kim chỉ nam cho hành động. Trong Đường cách mệnh, Người viết: Đảng mà không có chủ nghĩa cũng như người không có trí khôn, tàu không có bàn chỉ nam. Phải trung thành nhưng luôn sáng tạo, không được giáo điều.

Tập trung dân chủ: tập trung trên nền tảng dân chủ, dân chủ phải đi đến tập trung. Mọi đảng viên được bày tỏ hết ý kiến; khi đã thảo luận thì thống nhất ý chí, hành động. Cần tránh độc đoán, chuyên quyền, coi thường tập thể và tránh dựa dẫm tập thể, không dám quyết đoán.

Tự phê bình và phê bình: là việc làm thường xuyên ""như mỗi ngày phải rửa mặt""; là ""thang thuốc"" tốt nhất; phải trung thực, kiên quyết, đúng người, đúng việc, có văn hóa. Trong Di chúc, Người viết thực hành dân chủ rộng rãi, thường xuyên và nghiêm chỉnh tự phê bình và phê bình là cách tốt nhất để củng cố đoàn kết và thống nhất trong Đảng.

Kỷ luật nghiêm minh, tự giác: ""Không có kỷ luật sắt không có Đảng"". Kỷ luật do lòng tự giác của đảng viên về nhiệm vụ của họ đối với Đảng thì mới nghiêm và bền lâu. (Giáo trình 2021, tr.130-132)","Bốn nguyên tắc đầu: nền tảng chủ nghĩa Mác - Lênin; tập trung dân chủ; tự phê bình và phê bình; kỷ luật nghiêm minh, tự giác.",Nguyên tắc hoạt động của Đảng (1)
4,ch4-b1,Tư tưởng Hồ Chí Minh về Đảng Cộng sản Việt Nam,4,"Đảng phải thường xuyên tự chỉnh đốn: Đảng không phải là tổ chức để làm quan phát tài; quyền lực của Đảng do nhân dân giao phó. Trong tác phẩm Sửa đổi lối làm việc, Người nêu 12 điều về tư cách của đảng chân chính cách mạng.

Đoàn kết, thống nhất trong Đảng: trong Di chúc, Người viết cần giữ gìn sự đoàn kết nhất trí của Đảng như giữ gìn con ngươi của mắt mình.

Đảng phải liên hệ mật thiết với nhân dân: Đảng ""không phải trên trời sa xuống. Nó ở trong xã hội mà ra""; ngoài lợi ích của dân tộc, của Tổ quốc, Đảng không có lợi ích gì khác; Đảng phải làm đầy tớ cho quần chúng. Người dặn ""tiếng dân chính là truyền lại ý trời"", đảng viên không được ""ăn cỗ đi trước, lội nước đi sau"", phải coi trọng chữ TÍN: dân tin Đảng và Đảng tin dân. Đảng học hỏi quần chúng nhưng không theo đuôi quần chúng.

Đoàn kết quốc tế: Đảng phải giữ vững quan hệ quốc tế trong sáng, coi cách mạng Việt Nam là một bộ phận khăng khít của cách mạng thế giới. (Giáo trình 2021, tr.133-137)",Bốn nguyên tắc sau: tự chỉnh đốn; đoàn kết thống nhất; liên hệ mật thiết với nhân dân; đoàn kết quốc tế.,Nguyên tắc hoạt động của Đảng (2)
4,ch4-b1,Tư tưởng Hồ Chí Minh về Đảng Cộng sản Việt Nam,5,"Hồ Chí Minh lưu ý phải xây dựng đội ngũ cán bộ, đảng viên vừa có đức vừa có tài, trong sạch, vững mạnh. Các yêu cầu chủ yếu: tuyệt đối trung thành với Đảng; nghiêm chỉnh thực hiện Cương lĩnh, đường lối, nghị quyết và nguyên tắc xây dựng Đảng; luôn tu dưỡng đạo đức cách mạng; luôn học tập nâng cao trình độ; có mối liên hệ mật thiết với nhân dân, tiên phong, gương mẫu (""đảng viên đi trước, làng nước theo sau""); luôn chịu trách nhiệm, năng động, sáng tạo (""thắng không kiêu bại không nản""); luôn phòng và chống các tiêu cực.

Người coi tham ô, lãng phí, quan liêu là giặc nội xâm, những kẻ địch bên trong: địch bên ngoài không đáng sợ, địch bên trong đáng sợ hơn vì nó phá hoại từ trong phá ra. Trong bài báo ""Nâng cao đạo đức cách mạng, quét sạch chủ nghĩa cá nhân"" (báo Nhân dân, số 5409, ngày 3/2/1969), Người chỉ ra một số ít cán bộ, đảng viên đạo đức, phẩm chất còn thấp kém.

Người đặc biệt coi trọng công tác cán bộ: cán bộ là gốc của mọi công việc; muôn việc thành công hoặc thất bại đều do cán bộ tốt hoặc kém. Trong Di chúc, Người dặn Đảng chăm lo giáo dục đạo đức cách mạng cho đoàn viên và thanh niên, đào tạo họ thành người thừa kế xây dựng chủ nghĩa xã hội vừa ""hồng"" vừa ""chuyên"". (Giáo trình 2021, tr.137-141)",Cán bộ là gốc của mọi công việc; địch bên trong đáng sợ hơn địch bên ngoài.,"Xây dựng đội ngũ cán bộ, đảng viên"
4,ch4-b2,"Tư tưởng Hồ Chí Minh về Nhà nước của nhân dân, do nhân dân, vì nhân dân",1,"Trong tư tưởng Hồ Chí Minh, Nhà nước Việt Nam là nhà nước dân chủ nhưng không phải ""nhà nước toàn dân"" theo nghĩa phi giai cấp. Nhà nước Việt Nam Dân chủ Cộng hòa mang bản chất giai cấp công nhân, thể hiện ở ba phương diện: (1) Đảng Cộng sản Việt Nam giữ vị trí và vai trò cầm quyền (Lời nói đầu Hiến pháp năm 1959: Nhà nước dân chủ nhân dân, dựa trên nền tảng liên minh công nông, do giai cấp công nhân lãnh đạo); Đảng cầm quyền bằng đường lối, quan điểm để Nhà nước thể chế hóa; bằng hoạt động của tổ chức đảng và đảng viên trong bộ máy nhà nước; bằng công tác kiểm tra; (2) tính định hướng xã hội chủ nghĩa; (3) nguyên tắc tổ chức và hoạt động là tập trung dân chủ.

Bản chất giai cấp công nhân thống nhất với tính nhân dân và tính dân tộc: Nhà nước là kết quả đấu tranh của toàn thể dân tộc, là nhà nước dân chủ nhân dân đầu tiên ở Đông Nam Á; vì quyền lợi của nhân dân, lấy quyền lợi dân tộc làm nền tảng; đảm đương nhiệm vụ toàn dân tộc giao phó. (Giáo trình 2021, tr.142-145)","Nhà nước Việt Nam mới mang bản chất giai cấp công nhân, thống nhất với tính nhân dân và tính dân tộc.",Bản chất giai cấp của Nhà nước
4,ch4-b2,"Tư tưởng Hồ Chí Minh về Nhà nước của nhân dân, do nhân dân, vì nhân dân",2,"Nhà nước của nhân dân là nhà nước mà tất cả mọi quyền lực trong nhà nước và trong xã hội đều thuộc về nhân dân: ""dân là chủ"". Nhân dân thực thi quyền lực qua hai hình thức: dân chủ trực tiếp (nhân dân trực tiếp quyết định các vấn đề vận mệnh quốc gia; Hồ Chí Minh coi đây là hình thức dân chủ hoàn bị nhất) và dân chủ gián tiếp (đại diện).

Trong dân chủ gián tiếp: quyền lực nhà nước là ""thừa ủy quyền"" của nhân dân; các cơ quan và cán bộ nhà nước đều là công bộc của dân, để gánh vác việc chung cho dân chứ không phải để đè đầu dân; Người nói làm đầy tớ cho nhân dân chứ không phải làm quan cách mạng. Nhân dân có quyền kiểm soát, phê bình nhà nước, quyền bãi miễn đại biểu; nếu Chính phủ làm hại dân thì dân có quyền đuổi Chính phủ. Luật pháp dân chủ là công cụ quyền lực của nhân dân. (Giáo trình 2021, tr.145-148)","Quyền lực nhà nước là ""thừa ủy quyền"" của nhân dân; cán bộ là công bộc của dân.",Nhà nước của nhân dân
4,ch4-b2,"Tư tưởng Hồ Chí Minh về Nhà nước của nhân dân, do nhân dân, vì nhân dân",3,"Nhà nước do nhân dân trước hết là nhà nước do nhân dân lập nên, ""cử ra"", ""tổ chức nên"" theo trình tự dân chủ với các quyền bầu cử, phúc quyết. Đồng thời là ""dân làm chủ"": nhân dân có quyền lợi làm chủ thì phải có nghĩa vụ làm tròn bổn phận công dân, giữ đúng đạo đức công dân. Người nói: ""Chúng ta là những người lao động làm chủ nước nhà. Muốn làm chủ được tốt, phải có năng lực làm chủ"".

Nhà nước vì nhân dân là nhà nước phục vụ lợi ích và nguyện vọng của nhân dân, không có đặc quyền đặc lợi, thực sự trong sạch, cần, kiệm, liêm, chính. Chính phủ nhân dân bao giờ cũng phải đặt quyền lợi dân lên trên hết thảy; việc gì có lợi cho dân thì làm, việc gì có hại cho dân thì phải tránh. Thước đo một Nhà nước vì dân là được lòng dân. Cán bộ vừa là đầy tớ (trung thành, tận tụy, cần, kiệm, liêm, chính, chí công vô tư) vừa là người lãnh đạo (trí tuệ, sáng suốt, nhìn xa trông rộng, gần gũi nhân dân); phải có đủ cả đức và tài. (Giáo trình 2021, tr.148-150)","Nhà nước do dân: dân làm chủ, có quyền lợi và nghĩa vụ; nhà nước vì dân: được lòng dân, không đặc quyền đặc lợi.",Nhà nước do nhân dân và vì nhân dân
4,ch4-b2,"Tư tưởng Hồ Chí Minh về Nhà nước của nhân dân, do nhân dân, vì nhân dân",4,"Hợp hiến, hợp pháp: trong Yêu sách của nhân dân An Nam (1919), Người đòi thay thế chế độ ra các sắc lệnh bằng chế độ ra các đạo luật. Ngày 3/9/1945, ở phiên họp đầu tiên của Chính phủ lâm thời, Người đề nghị có một hiến pháp dân chủ và tổ chức càng sớm càng hay cuộc Tổng tuyển cử với chế độ phổ thông đầu phiếu. Tổng tuyển cử thắng lợi ngày 6/1/1946: mọi người dân từ 18 tuổi trở lên, không phân biệt nam nữ, giàu nghèo, dân tộc, đảng phái, tôn giáo đều có quyền bỏ phiếu. Ngày 2/3/1946, Quốc hội khoá I họp phiên đầu tiên; Hồ Chí Minh được bầu làm Chủ tịch Chính phủ liên hiệp đầu tiên.

Thượng tôn pháp luật: Người hai lần tham gia lãnh đạo soạn thảo Hiến pháp (năm 1946 và 1959), ký lệnh công bố 16 đạo luật, 613 sắc lệnh (trong đó 243 sắc lệnh về tổ chức Nhà nước và pháp luật). Người khuyến khích nhân dân giám sát, đòi hỏi cán bộ tư pháp nêu cao ""phụng công, thủ pháp, chí công vô tư"".

Pháp quyền nhân nghĩa: Nhà nước tôn trọng và bảo đảm quyền con người, trong đó quyền cao nhất là quyền sống; pháp luật có tính nhân văn, khuyến thiện, lấy giáo dục, cảm hóa làm căn bản (Người tuyên bố: sẽ không có ai bị tàn sát). (Giáo trình 2021, tr.151-155)",Tổng tuyển cử ngày 6/1/1946; Quốc hội khoá I họp ngày 2/3/1946.,Nhà nước pháp quyền
4,ch4-b2,"Tư tưởng Hồ Chí Minh về Nhà nước của nhân dân, do nhân dân, vì nhân dân",5,"Kiểm soát quyền lực nhà nước là tất yếu, vì cơ quan và cán bộ nhà nước đều nắm quyền lực (do nhân dân ủy thác) nên có thể lạm quyền. Về hình thức kiểm soát: trước hết là vai trò, trách nhiệm của Đảng Cộng sản Việt Nam, thông qua công tác kiểm tra; để kiểm soát tốt cần hai điều kiện là kiểm soát phải có hệ thống và người kiểm soát phải là những người rất có uy tín; có hai cách kiểm soát là từ trên xuống và từ dưới lên.

Hiến pháp năm 1946 ghi nhận kiểm soát bên trong Nhà nước, nổi bật là Nghị viện nhân dân có quyền kiểm soát và phê bình Chính phủ; bộ trưởng nào không được Nghị viện tín nhiệm thì phải từ chức. Nhân dân là chủ thể tối cao của quyền lực nên có quyền kiểm soát: ""Phải tổ chức sự kiểm soát, mà muốn kiểm soát đúng thì cũng phải có quần chúng giúp mới được"". (Giáo trình 2021, tr.155-159)","Kiểm soát quyền lực gồm kiểm soát của Đảng, kiểm soát bên trong Nhà nước và kiểm soát của nhân dân.","Nhà nước trong sạch, vững mạnh: kiểm soát quyền lực"
4,ch4-b2,"Tư tưởng Hồ Chí Minh về Nhà nước của nhân dân, do nhân dân, vì nhân dân",6,"Hồ Chí Minh nói đến các tiêu cực: đặc quyền, đặc lợi; tham ô, lãng phí, quan liêu (là ""giặc nội xâm"", nguy hiểm hơn giặc ngoại xâm); ""tư túng"", ""chia rẽ"", ""kiêu ngạo"". Ngày 27/11/1946, Người ký Sắc lệnh ấn định hình phạt tội đưa và nhận hối lộ từ 5 năm đến 20 năm tù khổ sai; ngày 26/1/1946, Người ký lệnh nói rõ tội tham ô, trộm cắp đến mức cao nhất là tử hình. Bệnh quan liêu là bệnh gốc sinh ra tham ô, lãng phí; muốn trừ sạch tham ô, lãng phí thì trước hết phải tẩy sạch bệnh quan liêu.

Nguyên nhân chủ quan bắt nguồn từ ""bệnh mẹ"" là chủ nghĩa cá nhân; bên cạnh đó có nguyên nhân khách quan. Năm biện pháp cơ bản: (1) nâng cao trình độ dân chủ, phát huy quyền làm chủ của nhân dân là giải pháp căn bản, lâu dài; (2) pháp luật của Nhà nước, kỷ luật của Đảng phải nghiêm minh, kiểm tra thường xuyên; (3) coi trọng giáo dục, cảm hóa, đặc biệt giáo dục đạo đức; (4) cán bộ phải đi trước làm gương; (5) huy động sức mạnh của chủ nghĩa yêu nước vào cuộc chiến chống tiêu cực. (Giáo trình 2021, tr.159-162)","Bệnh quan liêu là bệnh gốc sinh ra tham ô, lãng phí; ""bệnh mẹ"" là chủ nghĩa cá nhân.","Phòng, chống tiêu cực trong Nhà nước"
4,ch4-b3,Vận dụng tư tưởng Hồ Chí Minh vào xây dựng Đảng và xây dựng Nhà nước,1,"Phải đề ra đường lối, chủ trương đúng đắn: sai một ly thì đi một dặm; đường lối phải dựa trên nền tảng chủ nghĩa Mác - Lênin, tư tưởng Hồ Chí Minh, vận dụng phù hợp hoàn cảnh từng giai đoạn.

Phải tổ chức thực hiện thật tốt đường lối, chủ trương: thể chế hóa và biến thành hành động của cả hệ thống chính trị; đặc biệt quan trọng là người đứng đầu nêu cao trách nhiệm làm gương.

Phải chú trọng hơn nữa công tác chỉnh đốn Đảng: sự nghiệp đổi mới thành công hay không phụ thuộc vào chất lượng, trong đó có sự trong sạch của Đảng; phải làm cho Đảng luôn ""là đạo đức, là văn minh""; quán triệt tư tưởng và hành động của Hồ Chí Minh về thống nhất giữa nói và làm; tăng cường kiểm tra, giám sát. Sinh viên là đảng viên cần thực hiện thật tốt đường lối, điều lệ Đảng, là công dân gương mẫu và sinh viên tốt; sinh viên chưa là đảng viên cần học tập tốt tư tưởng Hồ Chí Minh, phấn đấu trở thành đảng viên hoặc người tích cực ủng hộ Đảng, góp phần đưa nước nhà sánh vai với các cường quốc năm châu như Người viết trong Thư gửi học sinh (tháng 9/1945). (Giáo trình 2021, tr.162-164)",Xây dựng Đảng: đường lối đúng; tổ chức thực hiện tốt; chỉnh đốn Đảng.,"Xây dựng Đảng thật sự trong sạch, vững mạnh"
4,ch4-b3,Vận dụng tư tưởng Hồ Chí Minh vào xây dựng Đảng và xây dựng Nhà nước,2,"Phải xây dựng Nhà nước thật sự trong sạch, vững mạnh: đẩy mạnh hoàn thiện pháp luật gắn với tổ chức thi hành; pháp luật vừa là công cụ để Nhà nước quản lý xã hội, vừa là công cụ để nhân dân làm chủ, kiểm tra, giám sát quyền lực nhà nước; quản lý đất nước theo pháp luật, đồng thời coi trọng xây dựng nền tảng đạo đức xã hội; tôn trọng, bảo đảm, bảo vệ quyền con người, quyền và nghĩa vụ công dân.

Xác định rõ cơ chế phân công, phối hợp và kiểm soát quyền lực giữa các cơ quan thực hiện quyền lập pháp, hành pháp, tư pháp trên cơ sở quyền lực nhà nước là thống nhất.

Chú trọng xây dựng đội ngũ cán bộ, công chức: dân chủ hóa công tác cán bộ; thí điểm dân trực tiếp bầu một số chức danh ở cơ sở và cấp huyện; lấy bản lĩnh chính trị, phẩm chất đạo đức, năng lực và hiệu quả thực thi nhiệm vụ để đánh giá, đề bạt, bổ nhiệm; có chính sách đãi ngộ, thu hút, trọng dụng nhân tài. Đẩy mạnh phòng, chống tham nhũng, lãng phí, quan liêu, hách dịch, cửa quyền; thực hành tiết kiệm.

Đổi mới, tăng cường sự lãnh đạo của Đảng đối với Nhà nước: tiếp tục nâng cao hiệu quả và đổi mới mạnh mẽ phương thức lãnh đạo. (Giáo trình 2021, tr.164-167)","Pháp luật vừa là công cụ để Nhà nước quản lý xã hội, vừa là công cụ để nhân dân làm chủ và kiểm soát quyền lực.",Xây dựng Nhà nước
5,ch5-b1,Tư tưởng Hồ Chí Minh về đại đoàn kết toàn dân tộc,1,"Trong tư tưởng Hồ Chí Minh, đại đoàn kết toàn dân tộc là chiến lược lâu dài, nhất quán của cách mạng Việt Nam. Người chỉ rõ: ""Sử dạy cho ta bài học này: Lúc nào dân ta đoàn kết muôn người như một thì nước ta độc lập, tự do. Trái lại lúc nào dân ta không đoàn kết thì bị nước ngoài xâm lấn"". Chính sách và phương pháp tập hợp có thể điều chỉnh theo từng giai đoạn, nhưng không bao giờ được thay đổi chủ trương đại đoàn kết toàn dân tộc, vì đó là nhân tố quyết định sự thành bại của cách mạng.

Người khái quát: ""Đoàn kết là sức mạnh của chúng ta""; ""Đoàn kết là sức mạnh, đoàn kết là thắng lợi""; và kết luận: ""Đoàn kết, đoàn kết, đại đoàn kết. Thành công, thành công, đại thành công"".

Đại đoàn kết còn là mục tiêu, nhiệm vụ hàng đầu của cách mạng. Trong lời kết thúc buổi ra mắt Đảng Lao động Việt Nam ngày 3/3/1951, Hồ Chí Minh tuyên bố mục đích của Đảng gồm trong 8 chữ: ""ĐOÀN KẾT TOÀN DÂN, PHỤNG SỰ TỔ QUỐC"". (Giáo trình 2021, tr.170-172)","""Đoàn kết, đoàn kết, đại đoàn kết. Thành công, thành công, đại thành công.""",Vai trò của đại đoàn kết toàn dân tộc
5,ch5-b1,Tư tưởng Hồ Chí Minh về đại đoàn kết toàn dân tộc,2,"Chủ thể của khối đại đoàn kết toàn dân tộc gồm toàn thể nhân dân, tất cả những người Việt Nam yêu nước ở các giai cấp, tầng lớp, các ngành, các giới, các lứa tuổi, các dân tộc, tôn giáo, đảng phái... Phải tập hợp tất cả mọi người dân vào một khối thống nhất, ở trong nước hay ngoài nước, cùng hướng vào mục tiêu chung: ""ai có tài, có đức, có sức, có lòng phụng sự Tổ quốc và phục vụ nhân dân thì ta đoàn kết với họ"". Phải đứng vững trên lập trường giai cấp công nhân, giải quyết hài hòa mối quan hệ giai cấp - dân tộc, không bỏ sót một lực lượng nào miễn là họ trung thành và sẵn sàng phục vụ Tổ quốc.

Nền tảng của khối đại đoàn kết: Hồ Chí Minh chỉ rõ đại đoàn kết trước hết phải đoàn kết đại đa số nhân dân, mà đại đa số là công nhân, nông dân và các tầng lớp lao động khác; đó là ""nền gốc"", như cái nền của nhà, gốc của cây; nhưng đã có nền vững, gốc tốt còn phải đoàn kết các tầng lớp khác. Lực lượng làm nền tảng là công nhân, nông dân và trí thức.

Yếu tố ""hạt nhân"" là sự đoàn kết và thống nhất trong Đảng: Đảng đoàn kết thì dân tộc đoàn kết. (Giáo trình 2021, tr.172-174)","Nền tảng của khối đại đoàn kết: công nhân, nông dân và trí thức; hạt nhân là đoàn kết thống nhất trong Đảng.",Lực lượng của khối đại đoàn kết toàn dân tộc
5,ch5-b1,Tư tưởng Hồ Chí Minh về đại đoàn kết toàn dân tộc,3,"Một là, phải lấy lợi ích chung làm điểm quy tụ, đồng thời tôn trọng các lợi ích khác biệt chính đáng. Đoàn kết phải lấy lợi ích tối cao của dân tộc, lợi ích căn bản của nhân dân lao động làm mục tiêu; đó là nguyên tắc bất di bất dịch, là ngọn cờ và mẫu số chung.

Hai là, phải kế thừa truyền thống yêu nước, nhân nghĩa, đoàn kết của dân tộc, cội nguồn sức mạnh vô địch của cả dân tộc.

Ba là, phải có lòng khoan dung, độ lượng với con người. Người căn dặn: ""Năm ngón tay cũng có ngón vắn ngón dài. Nhưng vắn dài đều họp nhau lại nơi bàn tay... Ta phải nhận rằng đã là con Lạc cháu Hồng thì ai cũng có ít hay nhiều lòng ái quốc. Đối với những đồng bào lạc lối lầm đường, ta phải lấy tình thân ái mà cảm hóa họ"".

Bốn là, phải có niềm tin vào nhân dân: yêu dân, tin dân, dựa vào dân. Nguyên tắc này tiếp nối truyền thống dân tộc ""Nước lấy dân làm gốc"", ""Chở thuyền và lật thuyền cũng là dân"" và quán triệt nguyên lý mácxít ""Cách mạng là sự nghiệp của quần chúng"". (Giáo trình 2021, tr.174-177)","Bốn điều kiện: lợi ích chung; truyền thống dân tộc; khoan dung, độ lượng; niềm tin vào nhân dân.",Điều kiện xây dựng khối đại đoàn kết toàn dân tộc
5,ch5-b1,Tư tưởng Hồ Chí Minh về đại đoàn kết toàn dân tộc,4,"Khối đại đoàn kết chỉ có sức mạnh khi được tổ chức thành một khối vững chắc là mặt trận dân tộc thống nhất, nơi quy tụ mọi tổ chức và cá nhân yêu nước, cả trong nước và kiều bào ở nước ngoài. Do yêu cầu từng chặng đường, mặt trận có những tên gọi khác nhau: Hội Phản đế đồng minh (1930), Mặt trận Dân chủ Đông Dương (1936), Mặt trận Nhân dân phản đế Đông Dương (1939), Mặt trận Việt Minh (1941), Mặt trận Liên Việt (1951), Mặt trận dân tộc giải phóng miền Nam Việt Nam (1960), Liên minh các lực lượng dân tộc, dân chủ và hòa bình Việt Nam (1968), Mặt trận Tổ quốc Việt Nam (các năm 1955, 1976).

Ba nguyên tắc xây dựng và hoạt động của Mặt trận: (1) xây dựng trên nền tảng liên minh công nhân - nông dân - trí thức, đặt dưới sự lãnh đạo của Đảng; (2) hoạt động theo nguyên tắc hiệp thương dân chủ, bàn bạc công khai để đi đến nhất trí, loại trừ áp đặt hoặc dân chủ hình thức; (3) đoàn kết lâu dài, chặt chẽ, thật sự, chân thành, thân ái, giúp đỡ nhau cùng tiến bộ, theo phương châm ""cầu đồng tôn dị"". (Giáo trình 2021, tr.177-181)","Ba nguyên tắc của Mặt trận: nền tảng liên minh công - nông - trí và sự lãnh đạo của Đảng; hiệp thương dân chủ; đoàn kết lâu dài, chân thành.",Mặt trận dân tộc thống nhất
5,ch5-b1,Tư tưởng Hồ Chí Minh về đại đoàn kết toàn dân tộc,5,"Một là, làm tốt công tác vận động quần chúng (dân vận): giáo dục, tuyên truyền, hướng dẫn, giúp đỡ và vận động nhân dân thực hiện chủ trương, đường lối của Đảng, chính sách, pháp luật của Nhà nước; phải chịu khó tìm đủ cách giải thích cho họ hiểu rằng những việc đó là vì ích lợi của họ. Mọi phương pháp vận động phải phù hợp với tâm tư, nguyện vọng và trình độ dân trí, phong tục, tập quán của từng địa phương, từng đối tượng.

Hai là, thành lập đoàn thể, tổ chức quần chúng phù hợp với từng đối tượng, như Công đoàn, Hội Nông dân, Đoàn Thanh niên, Hội Phụ nữ; dưới sự lãnh đạo của Đảng, các tổ chức này tuyên truyền, giáo dục, giác ngộ, vận động, tập hợp các tầng lớp nhân dân.

Ba là, các đoàn thể, tổ chức quần chúng được tập hợp và đoàn kết trong mặt trận dân tộc thống nhất. Người khẳng định những đoàn thể ấy là tổ chức của dân, phấn đấu cho dân, bênh vực quyền của dân, liên lạc mật thiết nhân dân với Chính phủ. (Giáo trình 2021, tr.181-184)",Ba phương thức: làm tốt dân vận; thành lập đoàn thể quần chúng; tập hợp các đoàn thể trong mặt trận dân tộc thống nhất.,Phương thức xây dựng khối đại đoàn kết toàn dân tộc
5,ch5-b2,Tư tưởng Hồ Chí Minh về đoàn kết quốc tế,1,"Thực hiện đoàn kết quốc tế để tập hợp lực lượng bên ngoài, tranh thủ sự đồng tình, ủng hộ của bạn bè quốc tế, kết hợp sức mạnh dân tộc với sức mạnh thời đại, tạo sức mạnh tổng hợp cho cách mạng Việt Nam. Sức mạnh dân tộc là sự tổng hợp các yếu tố vật chất và tinh thần, trước hết là sức mạnh của chủ nghĩa yêu nước, ý thức tự lực, tự cường, tinh thần đoàn kết, ý chí đấu tranh bất khuất. Sức mạnh thời đại là sức mạnh của phong trào cách mạng thế giới và của chủ nghĩa Mác - Lênin.

Hồ Chí Minh sớm xác định cách mạng Việt Nam là một bộ phận của cách mạng thế giới; đại đoàn kết toàn dân tộc gắn liền với đoàn kết quốc tế, và đại đoàn kết toàn dân tộc là cơ sở cho đoàn kết quốc tế. Chủ nghĩa yêu nước chân chính phải gắn liền với chủ nghĩa quốc tế vô sản. Muốn tăng cường đoàn kết quốc tế, các đảng cộng sản phải chống chủ nghĩa cơ hội, chủ nghĩa vị kỷ dân tộc, chủ nghĩa sôvanh. Nhân dân Việt Nam chiến đấu không chỉ vì độc lập, tự do của đất nước mình mà còn vì những mục tiêu cao cả của thời đại là hòa bình, độc lập dân tộc, dân chủ và chủ nghĩa xã hội. (Giáo trình 2021, tr.184-188)",Đoàn kết quốc tế kết hợp sức mạnh dân tộc với sức mạnh thời đại để tạo sức mạnh tổng hợp.,Sự cần thiết phải đoàn kết quốc tế
5,ch5-b2,Tư tưởng Hồ Chí Minh về đoàn kết quốc tế,2,"Lực lượng đoàn kết quốc tế gồm ba lực lượng: (1) phong trào cộng sản và công nhân quốc tế; (2) phong trào đấu tranh giải phóng dân tộc; (3) phong trào hòa bình, dân chủ thế giới, trước hết là phong trào chống chiến tranh của nhân dân các nước đang xâm lược Việt Nam.

Đối với phong trào cộng sản và công nhân quốc tế, Người cho rằng chủ nghĩa tư bản là lực lượng phản động quốc tế, kẻ thù chung của nhân dân lao động toàn thế giới; chỉ có sự đoàn kết theo tinh thần ""bốn phương vô sản đều là anh em"" mới chống được âm mưu của chủ nghĩa đế quốc thực dân.

Đối với phong trào giải phóng dân tộc, từ rất sớm Người thấy rõ âm mưu chia rẽ của đế quốc, lưu ý Quốc tế Cộng sản làm cho các dân tộc thuộc địa hiểu biết nhau hơn để đặt cơ sở cho một Liên minh phương Đông tương lai.

Đối với các lực lượng tiến bộ yêu chuộng hòa bình, dân chủ, tự do và công lý, Người gắn cuộc đấu tranh vì độc lập ở Việt Nam với mục tiêu bảo vệ hòa bình, tự do, công lý, bình đẳng để tranh thủ sự ủng hộ. (Giáo trình 2021, tr.188-190)","Ba lực lượng: phong trào cộng sản và công nhân quốc tế; phong trào giải phóng dân tộc; các lực lượng hòa bình, dân chủ, tiến bộ.",Lực lượng đoàn kết quốc tế
5,ch5-b2,Tư tưởng Hồ Chí Minh về đoàn kết quốc tế,3,"Đoàn kết quốc tế trong tư tưởng Hồ Chí Minh không phải là sách lược nhất thời mà là vấn đề có tính nguyên tắc. Từ năm 1924, Người đưa ra quan điểm thành lập ""Mặt trận thống nhất của nhân dân chính quốc và thuộc địa"" chống chủ nghĩa đế quốc.

Người quan tâm đặc biệt đến ba dân tộc trên bán đảo Đông Dương. Năm 1941, Đảng quyết định thành lập Mặt trận Việt Nam Độc lập đồng minh (Việt Minh), giúp Lào và Campuchia thành lập mặt trận yêu nước; trong hai cuộc kháng chiến, Người chỉ đạo hình thành Mặt trận nhân dân ba nước Đông Dương. Người cũng tham gia sáng lập Hội Liên hiệp thuộc địa tại Pháp và Hội Liên hiệp các dân tộc bị áp bức tại Trung Quốc.

Tư tưởng đoàn kết định hướng hình thành bốn tầng mặt trận: (1) Mặt trận đại đoàn kết dân tộc; (2) Mặt trận đoàn kết Việt Nam - Lào - Campuchia; (3) Mặt trận nhân dân Á - Phi đoàn kết với Việt Nam; (4) Mặt trận nhân dân thế giới đoàn kết với Việt Nam chống đế quốc xâm lược. Đây là sự phát triển rực rỡ nhất và thắng lợi to lớn nhất của tư tưởng Hồ Chí Minh về đại đoàn kết. (Giáo trình 2021, tr.190-193)",Bốn tầng mặt trận: dân tộc; Việt Nam - Lào - Campuchia; nhân dân Á - Phi; nhân dân thế giới.,Hình thức tổ chức: bốn tầng mặt trận
5,ch5-b2,Tư tưởng Hồ Chí Minh về đoàn kết quốc tế,4,"Nguyên tắc thứ nhất: đoàn kết trên cơ sở thống nhất mục tiêu và lợi ích, có lý, có tình. Phải tìm ra điểm tương đồng về mục tiêu, lợi ích giữa các dân tộc, lực lượng tiến bộ và phong trào cách mạng thế giới. Dân tộc Việt Nam tôn trọng độc lập, chủ quyền, thống nhất, toàn vẹn lãnh thổ và quyền tự quyết của tất cả các quốc gia - dân tộc. Tháng 9/1947, trả lời nhà báo Mỹ S. Êli Mâysi, Người tuyên bố chính sách đối ngoại là ""làm bạn với tất cả mọi nước dân chủ và không gây thù oán với một ai"". Người đấu tranh cho một nền hòa bình chân chính ""xây trên công bình và lý tưởng dân chủ"".

Nguyên tắc thứ hai: đoàn kết trên cơ sở độc lập, tự chủ. Nội lực là nhân tố quyết định, nguồn lực ngoại sinh chỉ phát huy tác dụng thông qua nguồn lực nội sinh. Người luôn nêu khẩu hiệu ""Tự lực cánh sinh, dựa vào sức mình là chính""; một dân tộc không tự lực cánh sinh mà cứ ngồi chờ dân tộc khác giúp đỡ thì không xứng đáng được độc lập. Trong quan hệ quốc tế, thực lực là cái chiêng, ngoại giao là cái tiếng, chiêng có to tiếng mới lớn. Trong quan hệ giữa các đảng, các đảng dù lớn dù nhỏ đều độc lập và bình đẳng, đồng thời đoàn kết nhất trí giúp đỡ lẫn nhau. (Giáo trình 2021, tr.193-197)","Hai nguyên tắc: đoàn kết trên cơ sở thống nhất mục tiêu và lợi ích, có lý, có tình; đoàn kết trên cơ sở độc lập, tự chủ.",Nguyên tắc đoàn kết quốc tế
5,ch5-b3,Vận dụng tư tưởng Hồ Chí Minh về đại đoàn kết toàn dân tộc và đoàn kết quốc tế,1,"Phải khơi dậy và phát huy đến mức cao nhất sức mạnh dân tộc và sức mạnh quốc tế; đặt lợi ích dân tộc lên hàng đầu. Trước đây sức mạnh của khối đại đoàn kết là sức mạnh chiến thắng giặc ngoại xâm; hiện nay là sức mạnh chiến thắng nghèo nàn và lạc hậu.

Ngày 2/11/1993, Bộ Chính trị khóa VII ra Nghị quyết số 07-NQ/TW ""Về đại đoàn kết dân tộc và tăng cường Mặt trận dân tộc thống nhất"". Đại hội VIII (tháng 6/1996) đặt vấn đề đại đoàn kết ở tầm cao mới. Đại hội XII khẳng định: đại đoàn kết dân tộc là đường lối chiến lược của cách mạng Việt Nam, là động lực và nguồn lực to lớn trong xây dựng và bảo vệ Tổ quốc.

Về đoàn kết quốc tế, qua đổi mới Đảng ta vận dụng sáng tạo: từ tuyên bố ""muốn là bạn"" (Đại hội VII), ""sẵn sàng là bạn"" (Đại hội VIII), ""là bạn và đối tác tin cậy"" (Đại hội IX) đến khẳng định quan hệ đối ngoại, hội nhập quốc tế ngày càng sâu rộng, có hiệu quả (Đại hội XII, XIII). (Giáo trình 2021, tr.198-200)","Đối ngoại: ""muốn là bạn"" (VII), ""sẵn sàng là bạn"" (VIII), ""là bạn và đối tác tin cậy"" (IX).",Quán triệt trong đường lối của Đảng
5,ch5-b3,Vận dụng tư tưởng Hồ Chí Minh về đại đoàn kết toàn dân tộc và đoàn kết quốc tế,2,"Đại đoàn kết toàn dân tộc từ tư tưởng của lãnh tụ đã trở thành quan điểm xuyên suốt đường lối chiến lược của Đảng. Lịch sử chứng minh Mặt trận dân tộc thống nhất càng rộng rãi thì liên minh công - nông - trí càng mạnh, sự lãnh đạo của Đảng càng vững; và ngược lại.

Để tăng cường khối đại đoàn kết toàn dân tộc cần thực hiện năm vấn đề: (1) đẩy mạnh tuyên truyền để nhận thức sâu sắc sự cần thiết; (2) tăng cường sự lãnh đạo của Đảng, quản lý của Nhà nước, tiếp tục thể chế hóa các quan điểm, đường lối; (3) giải quyết tốt quan hệ lợi ích giữa các giai cấp, tầng lớp, kết hợp hài hòa lợi ích cá nhân, tập thể và xã hội; (4) tăng cường quan hệ mật thiết giữa nhân dân với Đảng, Nhà nước; (5) kiên quyết đấu tranh với các quan điểm sai trái, thù địch, chia rẽ khối đại đoàn kết. Mặt trận Tổ quốc và các đoàn thể nhân dân đổi mới nội dung và phương thức hoạt động, tham gia giám sát và phản biện xã hội, làm cầu nối giữa Đảng, Nhà nước và nhân dân. (Giáo trình 2021, tr.201-202)",Năm vấn đề cơ bản để tăng cường khối đại đoàn kết toàn dân tộc.,Xây dựng khối đại đoàn kết trên nền tảng liên minh công - nông - trí
5,ch5-b3,Vận dụng tư tưởng Hồ Chí Minh về đại đoàn kết toàn dân tộc và đoàn kết quốc tế,3,"Nhất quán coi cách mạng Việt Nam là một bộ phận không thể tách rời của cách mạng thế giới, tiếp tục đoàn kết, ủng hộ các phong trào cách mạng, các xu hướng tiến bộ vì hòa bình, độc lập dân tộc, dân chủ và tiến bộ xã hội. Để nâng cao hiệu quả hợp tác quốc tế, chủ động hội nhập, nêu cao nguyên tắc độc lập tự chủ, tự lực, tự cường; phát huy sức mạnh dân tộc (chủ nghĩa yêu nước, sức mạnh của người làm chủ, đại đoàn kết toàn dân) để tranh thủ sự ủng hộ bên ngoài.

Bốn bài học từ chiến lược đoàn kết quốc tế của Hồ Chí Minh: (1) làm rõ đoàn kết để thực hiện mục tiêu dân giàu, nước mạnh, dân chủ, xã hội công bằng, văn minh; (2) mở cửa, hội nhập, là bạn của tất cả các nước, đồng thời tham gia giải quyết các vấn đề toàn cầu; (3) nêu cao độc lập tự chủ, kết hợp sức mạnh dân tộc với sức mạnh thời đại, sức mạnh trong nước với sức mạnh quốc tế để công nghiệp hóa, hiện đại hóa; (4) xây dựng Đảng trong sạch, vững mạnh làm hạt nhân đoàn kết toàn dân tộc và đoàn kết quốc tế. (Giáo trình 2021, tr.202-204)",Bốn bài học: mục tiêu dân giàu nước mạnh; hội nhập là bạn của các nước; độc lập tự chủ; xây dựng Đảng làm hạt nhân đoàn kết.,Kết hợp đại đoàn kết toàn dân tộc với đoàn kết quốc tế
6,ch6-b1,Tư tưởng Hồ Chí Minh về văn hóa,1,"Hồ Chí Minh được Tổ chức Giáo dục, Khoa học và Văn hóa Liên hợp quốc (UNESCO) ghi nhận là ""Anh hùng giải phóng dân tộc, Nhà văn hóa kiệt xuất Việt Nam"" trong Nghị quyết 24C/18.6.5 của Khóa họp 24 Đại Hội đồng UNESCO (20/10 đến 20/11/1987).

Nghị quyết khẳng định tư tưởng của Người là sự kết tinh truyền thống văn hóa hàng ngàn năm của dân tộc Việt Nam và hiện thân cho khát vọng của các dân tộc trong việc khẳng định bản sắc dân tộc mình.

Nền văn hóa mà Người chủ trương kết hợp những truyền thống tốt đẹp của văn hóa dân tộc với tinh hoa văn hóa nhân loại, thấm nhuần chủ nghĩa yêu nước và chủ nghĩa quốc tế chân chính. Văn hóa phải đi sâu vào tâm lý quốc dân, sửa đổi tham nhũng, lười biếng, phù hoa, xa xỉ. (Giáo trình 2021, tr.206-207)","UNESCO (1987) ghi nhận Hồ Chí Minh là Anh hùng giải phóng dân tộc, Nhà văn hóa kiệt xuất Việt Nam.",Nhà văn hóa kiệt xuất
6,ch6-b1,Tư tưởng Hồ Chí Minh về văn hóa,2,"Hồ Chí Minh có bốn cách tiếp cận chủ yếu về văn hóa: (1) nghĩa rộng, tổng hợp mọi phương thức sinh hoạt của con người; (2) nghĩa hẹp là đời sống tinh thần của xã hội, thuộc kiến trúc thượng tầng; (3) nghĩa hẹp hơn là trường học, số người đi học, xóa nạn mù chữ; (4) theo ""phương thức sử dụng công cụ sinh hoạt"".

Tháng 8/1943, trong nhà tù của Tưởng Giới Thạch, Người viết: vì lẽ sinh tồn cũng như mục đích của cuộc sống, loài người sáng tạo ra ngôn ngữ, chữ viết, đạo đức, pháp luật, khoa học, tôn giáo, văn học, nghệ thuật cùng các công cụ sinh hoạt về mặc, ăn, ở. Toàn bộ những sáng tạo và phát minh đó là văn hóa. Văn hóa là sự tổng hợp của mọi phương thức sinh hoạt cùng biểu hiện của nó.

Đây là quan niệm văn hóa duy nhất theo nghĩa rộng. Từ sau Cách mạng Tháng Tám, Người bàn đến văn hóa theo nghĩa hẹp, là kiến trúc thượng tầng, toàn bộ đời sống tinh thần của xã hội. (Giáo trình 2021, tr.207-208)","Bốn cách tiếp cận về văn hóa; quan niệm nghĩa rộng (8/1943) là duy nhất, sau Cách mạng Tháng Tám bàn theo nghĩa hẹp.",Quan niệm của Hồ Chí Minh về văn hóa
6,ch6-b1,Tư tưởng Hồ Chí Minh về văn hóa,3,"Hồ Chí Minh cho rằng có bốn vấn đề quan trọng ngang nhau và tác động qua lại: chính trị, kinh tế, văn hóa, xã hội. Ở nước thuộc địa, trước hết phải làm cách mạng giải phóng dân tộc, đó là giải phóng chính trị để mở đường cho văn hóa phát triển.

Văn hóa không thể đứng ngoài mà phải ở trong chính trị: văn hóa phải phục vụ nhiệm vụ chính trị, còn hoạt động của tổ chức và nhà chính trị phải có hàm lượng văn hóa.

Văn hóa thuộc kiến trúc thượng tầng nên hạ tầng có kiến thiết rồi văn hóa mới phát triển được. Nhưng văn hóa cũng phải đứng trong kinh tế: có vai trò tác động tích cực trở lại kinh tế. Xã hội thế nào văn hóa thế ấy; trong chế độ nô lệ, văn nghệ cũng bị nô lệ, chỉ khi giải phóng chính trị, giải phóng xã hội thì mới giải phóng được văn hóa. (Giáo trình 2021, tr.208-209)","Văn hóa phải ở trong chính trị và trong kinh tế; giải phóng chính trị, xã hội mở đường giải phóng văn hóa.","Văn hóa với chính trị, kinh tế, xã hội"
6,ch6-b1,Tư tưởng Hồ Chí Minh về văn hóa,4,"Bản sắc văn hóa dân tộc là những giá trị văn hóa bền vững của cộng đồng các dân tộc Việt Nam. Về nội dung: lòng yêu nước, thương nòi; tinh thần độc lập, tự cường, tự tôn dân tộc. Về hình thức: ngôn ngữ, phong tục, tập quán, lễ hội, truyền thống, cách cảm và nghĩ. Người dạy: ""Dân ta phải biết sử ta. Cho tường gốc tích nước nhà Việt Nam"".

Tiếp biến văn hóa (tiếp nhận và biến đổi) là một quy luật của văn hóa. Người chủ trương học cái tốt của cả Đông phương và Tây phương để tạo ra nền văn hóa Việt Nam, đồng thời tránh nguy cơ trở thành kẻ bắt chước.

Mục đích tiếp thu là làm giàu cho văn hóa Việt Nam; nội dung tiếp thu toàn diện Đông, Tây, kim, cổ; tiêu chí là có cái gì hay, cái gì tốt thì học lấy. Phải lấy văn hóa dân tộc làm gốc làm cơ sở tiếp thu văn hóa nhân loại. (Giáo trình 2021, tr.210-212)","Giữ bản sắc dân tộc làm gốc, tiếp thu toàn diện tinh hoa nhân loại, tránh bắt chước.","Giữ gìn bản sắc dân tộc, tiếp thu tinh hoa nhân loại"
6,ch6-b1,Tư tưởng Hồ Chí Minh về văn hóa,5,"Văn hóa là mục tiêu: là quyền sống, quyền sung sướng, quyền tự do, quyền mưu cầu hạnh phúc; là khát vọng về các giá trị chân, thiện, mỹ; là xã hội dân chủ, công bằng, văn minh, ai cũng có cơm ăn áo mặc, ai cũng được học hành. Người đặt cơ sở cho phát triển bền vững với ba trụ cột: kinh tế, xã hội và môi trường.

Văn hóa là động lực, thể hiện ở các phương diện: văn hóa chính trị soi đường cho quốc dân đi; văn hóa văn nghệ nâng cao lòng yêu nước, lý tưởng, niềm tin; văn hóa giáo dục diệt giặc dốt, thực hiện sứ mệnh ""trồng người""; văn hóa đạo đức, lối sống nâng cao phẩm giá, vì đạo đức là gốc của người cách mạng; văn hóa pháp luật bảo đảm dân chủ, trật tự, kỷ cương. (Giáo trình 2021, tr.212-215)","Văn hóa vừa là mục tiêu (chân - thiện - mỹ, xã hội dân chủ, văn minh) vừa là động lực của cách mạng.",Vai trò của văn hóa: mục tiêu và động lực
6,ch6-b1,Tư tưởng Hồ Chí Minh về văn hóa,6,"Văn hóa là một trong bốn nội dung chính của đời sống kinh tế - xã hội. Mặt trận văn hóa là cuộc đấu tranh cách mạng trên lĩnh vực văn hóa - tư tưởng; văn nghệ sĩ là chiến sĩ trên mặt trận ấy, có nhiệm vụ phụng sự Tổ quốc, phục vụ nhân dân. Ngòi bút là vũ khí sắc bén trong sự nghiệp ""phò chính trừ tà""; phải phê bình nghiêm khắc thói tham ô, lười biếng, lãng phí, quan liêu và ca tụng người tốt việc tốt, theo tinh thần ""kháng chiến hóa văn hóa, văn hóa hóa kháng chiến"".

Văn hóa phục vụ quần chúng nhân dân: phải trả lời được viết cho ai, mục đích viết, lấy tài liệu đâu, cách viết thế nào; viết thiết thực, tránh lối viết rau muống mà ham dùng chữ. Tóm lại ""từ trong quần chúng ra. Về sâu trong quần chúng"". Quần chúng vừa là người sáng tác, người thẩm định, vừa là người hưởng thụ các giá trị văn hóa. (Giáo trình 2021, tr.215-217)","Văn hóa là một mặt trận; văn nghệ sĩ là chiến sĩ; văn hóa phải từ quần chúng ra, về sâu trong quần chúng.","Văn hóa là một mặt trận, phục vụ quần chúng"
6,ch6-b1,Tư tưởng Hồ Chí Minh về văn hóa,7,"Trước Cách mạng Tháng Tám 1945 (8/1943), Hồ Chí Minh quan tâm xây dựng nền văn hóa dân tộc với năm nội dung: xây dựng tâm lý (tinh thần độc lập tự cường), luân lý (biết hy sinh mình, làm lợi cho quần chúng), xã hội, chính trị (dân quyền) và kinh tế.

Trong kháng chiến chống thực dân Pháp, Người khẳng định lại quan điểm của Đảng từ Đề cương văn hóa Việt Nam (1943): nền văn hóa mới có tính chất dân tộc, khoa học, đại chúng.

Trong thời kỳ xây dựng chủ nghĩa xã hội, chủ trương xây dựng nền văn hóa có nội dung xã hội chủ nghĩa và tính chất dân tộc. Tóm lại, đó là nền văn hóa toàn diện, giữ gìn cốt cách dân tộc, bảo đảm tính khoa học, tiến bộ và nhân văn. (Giáo trình 2021, tr.217-218)",Ba giai đoạn: năm nội dung (1943); dân tộc - khoa học - đại chúng; nội dung xã hội chủ nghĩa và tính chất dân tộc.,Xây dựng nền văn hóa mới
6,ch6-b2,Tư tưởng Hồ Chí Minh về đạo đức,1,"Hồ Chí Minh nhiều lần khẳng định đạo đức là gốc, là nền tảng, là sức mạnh, là tiêu chuẩn hàng đầu của người cách mạng. Trong Sửa đổi lối làm việc (1947), Người viết: sông có nguồn mới có nước, cây phải có gốc; người cách mạng phải có đạo đức, không có đạo đức thì dù tài giỏi mấy cũng không lãnh đạo được nhân dân.

Trong Đạo đức cách mạng (1958): sức có mạnh mới gánh được nặng và đi được xa; người cách mạng phải có đạo đức cách mạng làm nền tảng. Trong Người cán bộ cách mạng (1955): mọi việc thành hay bại, chủ chốt là do cán bộ có thấm nhuần đạo đức cách mạng hay không. Người quan niệm: ""Việc nước lấy Đoàn thể làm cốt cán. Việc Đoàn thể lấy cán bộ làm cốt cán. Cán bộ lấy đạo đức làm cốt cán"".

Đạo đức cách mạng là chỗ dựa giúp con người vững vàng trong mọi thử thách. Trong Di chúc, Người nhắc mỗi đảng viên phải thấm nhuần đạo đức cách mạng, cần kiệm liêm chính, chí công vô tư. (Giáo trình 2021, tr.218-221)","Đạo đức là gốc, là nền tảng của người cách mạng: như nguồn của sông, gốc của cây.",Đạo đức là gốc của người cách mạng
6,ch6-b2,Tư tưởng Hồ Chí Minh về đạo đức,2,"Tư tưởng đạo đức Hồ Chí Minh là đạo đức trong hành động, lấy hiệu quả thực tế làm thước đo; đạo đức đặt bên cạnh tài năng, lời nói đi đôi với hành động.

Đức và tài, hồng và chuyên, phẩm chất và năng lực phải thống nhất làm một. Đạo đức là tiêu chuẩn cho mục đích hành động, còn tài là phương tiện thực hiện mục đích đó. Thiếu tài thì làm việc gì cũng khó, thiếu đạo đức thì vô dụng, thậm chí có hại. Trong đó đạo đức là gốc: ""Nếu không có đạo đức cách mạng thì có tài cũng vô dụng"".

Đạo đức còn là thước đo lòng cao thượng: người làm việc to, người làm việc nhỏ, nhưng ai giữ được đạo đức đều là người cao thượng. Người quan tâm giáo dục toàn diện Đức, Trí, Thể, Mỹ, trong đó đức là gốc, là trước hết. (Giáo trình 2021, tr.221-223)","Đức và tài thống nhất; đức là gốc, thiếu đạo đức thì có tài cũng vô dụng.",Đức và tài
6,ch6-b2,Tư tưởng Hồ Chí Minh về đạo đức,3,"Trung với nước, hiếu với dân là phẩm chất bao trùm quan trọng nhất, chi phối các phẩm chất khác. Trung và hiếu vốn là khái niệm đạo đức cũ: ""trung với vua, hiếu với cha mẹ"". Hồ Chí Minh đưa vào nội dung mới, rộng lớn, tạo nên một cuộc cách mạng trong lĩnh vực đạo đức. Đầu năm 1946 Người chỉ rõ: đạo đức mới phải trung với nước, hiếu với toàn dân, với đồng bào.

Trung với nước là trung thành với sự nghiệp dựng nước và giữ nước, suốt đời phấn đấu cho Đảng, cho cách mạng, làm cho ""dân giàu, nước mạnh"". Hiếu với dân là thương dân, tin dân, thân dân, học hỏi dân, kính trọng dân, lấy dân làm gốc, hết lòng phục vụ nhân dân, tôn trọng quyền làm chủ của nhân dân, tuyệt đối không lên mặt ""quan cách mạng"".

Đảng và Chính phủ là ""đầy tớ nhân dân"" chứ không phải ""quan nhân dân"". (Giáo trình 2021, tr.223-225)",Trung với nước phải gắn liền hiếu với dân; đảo ngược quan hệ quan - dân thành đầy tớ - nhân dân.,"Trung với nước, hiếu với dân"
6,ch6-b2,Tư tưởng Hồ Chí Minh về đạo đức,4,"Đây là nội dung cốt lõi của đạo đức cách mạng, gắn với hoạt động hằng ngày, được Người đề cập nhiều nhất, từ Đường cách mệnh đến Di chúc. Phong kiến xưa nêu ra nhưng không làm; nay ta đề ra cho cán bộ làm gương cho dân.

Cần: siêng năng, chăm chỉ, lao động có kế hoạch, sáng tạo, năng suất cao, tự lực cánh sinh; lao động là nghĩa vụ thiêng liêng. Kiệm: tiết kiệm sức lao động, thì giờ, tiền của, không xa xỉ, hoang phí; tiết kiệm không phải là bủn xỉn. Cần với kiệm phải đi đôi như hai chân của con người.

Liêm: trong sạch, không tham địa vị, tiền tài, sung sướng, không ham người tâng bốc mình. Chính: không tà, thẳng thắn, đứng đắn, thể hiện trong ba quan hệ: đối với mình, đối với người, đối với việc. Chí công vô tư: hoàn toàn vì lợi ích chung, công bằng, ""lo trước thiên hạ, vui sau thiên hạ"", chống chủ nghĩa cá nhân.

Bốn đức cần, kiệm, liêm, chính như bốn mùa của trời, bốn phương của đất: ""Thiếu một đức, thì không thành người"". (Giáo trình 2021, tr.225-229)","Cần - kiệm - liêm - chính là bốn đức cơ bản; chí công vô tư là sự tiếp nối, chống chủ nghĩa cá nhân.","Cần, kiệm, liêm, chính, chí công vô tư"
6,ch6-b2,Tư tưởng Hồ Chí Minh về đạo đức,5,"Thương yêu con người, sống có tình có nghĩa là một trong những phẩm chất đạo đức cao đẹp nhất, kế thừa truyền thống nhân nghĩa của dân tộc, kết hợp với chủ nghĩa nhân đạo cộng sản. Tình thương ấy trước hết dành cho người nghèo khổ, bị áp bức, bóc lột, không phân biệt màu da, dân tộc. Ham muốn tột bậc của Người: nước ta hoàn toàn độc lập, dân ta hoàn toàn tự do, đồng bào ai cũng có cơm ăn áo mặc, ai cũng được học hành. Người nói hiểu chủ nghĩa Mác - Lênin là phải sống với nhau có tình có nghĩa.

Tình thương phải nghiêm khắc với mình, độ lượng và vị tha với người, nâng con người lên chứ không phải ""dĩ hòa vi quý"", không hạ thấp hay vùi dập con người.

Tinh thần quốc tế trong sáng là một trong những phẩm chất quan trọng nhất của đạo đức cộng sản: yêu nước chân chính kết hợp nhuần nhuyễn với chủ nghĩa quốc tế vô sản, chống chủ nghĩa dân tộc hẹp hòi, sôvanh và bành trướng bá quyền. ""Quan sơn muôn dặm một nhà, Bốn phương vô sản đều là anh em"". (Giáo trình 2021, tr.229-232)","Thương yêu con người, sống có tình có nghĩa; tinh thần quốc tế trong sáng: ""Bốn phương vô sản đều là anh em"".",Thương yêu con người và tinh thần quốc tế trong sáng
6,ch6-b2,Tư tưởng Hồ Chí Minh về đạo đức,6,"Nói đi đôi với làm là nét đẹp truyền thống được Người nâng lên tầm cao mới, là nguyên tắc quan trọng bậc nhất trong xây dựng đạo đức mới, là sự thống nhất giữa lý luận và thực tiễn. Trong Đường cách mệnh: ""Nói thì phải làm""; ""đảng viên đi trước, làng nước theo sau"". Nó đối lập với đạo đức giả: nói một đằng làm một nẻo, nói nhiều làm ít.

Nêu gương: cán bộ phải làm gương về cả ba mặt tinh thần, vật chất và văn hóa. Với các dân tộc phương Đông giàu tình cảm, một tấm gương sống còn có giá trị hơn một trăm bài diễn văn tuyên truyền. Quần chúng chỉ quý mến người có tư cách, đạo đức: không phải cứ viết lên trán chữ ""cộng sản"" mà được họ yêu mến.

Cần phát hiện, xây dựng điển hình ""người tốt, việc tốt"" gần gũi trong đời thường để giáo dục lẫn nhau. (Giáo trình 2021, tr.232-235)",Nói đi đôi với làm; đạo làm gương; nhân rộng người tốt việc tốt.,Nói đi đôi với làm và nêu gương
6,ch6-b2,Tư tưởng Hồ Chí Minh về đạo đức,7,"Xây đi đôi với chống: xây là xây dựng giá trị, chuẩn mực mới; chống là chống hành vi vô đạo đức, suy thoái. Xây phải đi đôi với chống, chống nhằm mục đích xây, lấy xây làm chính. Nguồn gốc của mọi tệ nạn là chủ nghĩa cá nhân; quan liêu, tham ô, lãng phí là tội ác. Chống chủ nghĩa cá nhân không phải là ""giày xéo lên lợi ích cá nhân"". Sự tự giáo dục, tự trau dồi còn quan trọng hơn tiếp nhận giáo dục.

Tu dưỡng đạo đức suốt đời: như một cuộc cách mạng trường kỳ, gian khổ trong bản thân mỗi người; nhìn thẳng vào mình, không tự lừa dối; tuổi trẻ đặc biệt quan trọng. Người viết: ""Đạo đức cách mạng không phải trên trời sa xuống. Nó do đấu tranh, rèn luyện bền bỉ hằng ngày mà phát triển và củng cố. Cũng như ngọc càng mài càng sáng, vàng càng luyện càng trong"". (Giáo trình 2021, tr.236-240)","Xây đi đôi với chống; tu dưỡng bền bỉ suốt đời, ngọc càng mài càng sáng, vàng càng luyện càng trong.","Xây đi đôi với chống, tu dưỡng suốt đời"
6,ch6-b3,Tư tưởng Hồ Chí Minh về con người,1,"Theo Hồ Chí Minh, con người là một chỉnh thể thống nhất về trí lực, tâm lực, thể lực, đa dạng bởi mối quan hệ giữa cá nhân và xã hội. Trong mỗi con người đều có tính tốt và tính xấu. Người giải thích chữ ""người"": nghĩa hẹp là gia đình, anh em, họ hàng, bè bạn; nghĩa rộng là đồng bào cả nước; rộng hơn nữa là cả loài người.

Người cũng chỉ ra yếu tố sinh vật của con người: ""dân dĩ thực vi thiên""; dân chỉ biết rõ giá trị của tự do, độc lập khi được ăn no, mặc đủ. Con người có nhiều chiều quan hệ: với cộng đồng xã hội, với chế độ xã hội, với tự nhiên.

Người nhìn nhận con người lịch sử - cụ thể, không phải con người trừu tượng, và đặc biệt chú ý đặc điểm con người Việt Nam, giải quyết sáng tạo quan hệ dân tộc và giai cấp. (Giáo trình 2021, tr.241-242)","Con người là chỉnh thể thống nhất, có tính tốt và xấu, là con người lịch sử - cụ thể.",Quan niệm về con người
6,ch6-b3,Tư tưởng Hồ Chí Minh về con người,2,"Con người là chiến lược đầu tiên trong tư tưởng và hành động của Hồ Chí Minh, được cụ thể hóa qua ba giai đoạn cách mạng nhằm bốn giải phóng.

Giải phóng dân tộc: xóa ách đế quốc, giành độc lập cho cả cộng đồng dân tộc. Giải phóng xã hội: xây dựng xã hội không có người bóc lột người, sản xuất phát triển, văn hóa tiên tiến, mọi người làm chủ; lực lượng chủ yếu là các giai cấp cần lao. Giải phóng giai cấp: xóa bỏ áp bức, bóc lột, bất công, dần xóa bỏ giai cấp. Giải phóng con người: xóa bỏ nô dịch, tha hóa, để mỗi cá nhân được tự do, hạnh phúc, phát triển toàn diện, làm chủ xã hội, tự nhiên và bản thân.

Các giải phóng ấy kết hợp chặt chẽ và nối tiếp nhau: giải phóng dân tộc mở đường cho giải phóng xã hội, giải phóng giai cấp và giải phóng con người. (Giáo trình 2021, tr.242-244)","Bốn giải phóng: dân tộc, xã hội, giai cấp, con người; giải phóng dân tộc mở đường cho các giải phóng còn lại.",Con người là mục tiêu của cách mạng
6,ch6-b3,Tư tưởng Hồ Chí Minh về con người,3,"Con người là vốn quý nhất, là động lực và nhân tố quyết định thành công của sự nghiệp cách mạng. Người nhấn mạnh ""mọi việc đều do người làm ra""; ""trong bầu trời không gì quý bằng nhân dân. Trong thế giới không gì mạnh bằng sức mạnh đoàn kết của nhân dân""; ""Ý dân là ý trời"".

Cách mạng là sự nghiệp của quần chúng. Nhân dân là những người sáng tạo chân chính ra lịch sử thông qua lao động sản xuất, đấu tranh chính trị - xã hội và sáng tạo các giá trị văn hóa. Nhân dân là gốc, là động lực cách mạng. (Giáo trình 2021, tr.244)","Nhân dân là người sáng tạo chân chính ra lịch sử, là gốc và động lực cách mạng.",Con người là động lực của cách mạng
6,ch6-b3,Tư tưởng Hồ Chí Minh về con người,4,"Xây dựng con người là yêu cầu khách quan của cách mạng, vừa cấp bách vừa lâu dài, có ý nghĩa chiến lược, có quan hệ chặt chẽ với xây dựng chính trị, kinh tế, văn hóa, xã hội.

Quan điểm thứ nhất: ""Vì lợi ích trăm năm thì phải trồng người"". Trồng người là công việc lâu dài, gian khổ, của văn hóa giáo dục, tiến hành suốt đời mỗi người, vừa là quyền lợi vừa là trách nhiệm cá nhân; là trách nhiệm của Đảng, Nhà nước, các đoàn thể kết hợp với tính tích cực của từng người.

Quan điểm thứ hai: ""Muốn xây dựng chủ nghĩa xã hội, trước hết cần phải có những con người xã hội chủ nghĩa"". Không chờ kinh tế, văn hóa phát triển cao rồi mới xây dựng con người; việc này đặt ra ngay từ đầu và suốt tiến trình. Đó là những con người đi trước, làm gương lôi cuốn người khác. (Giáo trình 2021, tr.244-246)","Hai quan điểm: ""trồng người"" vì lợi ích trăm năm; muốn xây dựng CNXH trước hết cần có con người XHCN.",Ý nghĩa của việc xây dựng con người
6,ch6-b3,Tư tưởng Hồ Chí Minh về con người,5,"Nội dung: xây dựng con người toàn diện vừa ""hồng"" vừa ""chuyên"": có mục đích sống cao đẹp, bản lĩnh chính trị vững vàng, tư tưởng, tác phong, đạo đức xã hội chủ nghĩa và năng lực làm chủ. Những khía cạnh chủ yếu: có ý thức làm chủ, tinh thần tập thể (""mình vì mọi người, mọi người vì mình""); cần kiệm xây dựng đất nước, hăng hái bảo vệ Tổ quốc; yêu nước nồng nàn, tinh thần quốc tế trong sáng; phương pháp làm việc khoa học, dân chủ, nêu gương. Người đặc biệt quan tâm nâng cao đạo đức cách mạng, quét sạch chủ nghĩa cá nhân.

Phương pháp: mỗi người tự rèn luyện, tu dưỡng (""tu thân, chính tâm"" thì mới ""trị quốc, bình thiên hạ""); nêu gương, nhất là người đứng đầu (""tiên trách kỷ, hậu trách nhân""); giáo dục có vị trí quan trọng: ""Hiền, dữ phải đâu là tính sẵn. Phần nhiều do giáo dục mà nên""; vai trò tổ chức Đảng, chính quyền, đoàn thể qua các phong trào ""Thi đua yêu nước"", ""Người tốt việc tốt""; dựa vào ý kiến của dân chúng. (Giáo trình 2021, tr.246-248)","Con người vừa hồng vừa chuyên; phương pháp: tự tu dưỡng, nêu gương, giáo dục, phong trào quần chúng.",Nội dung và phương pháp xây dựng con người
6,ch6-b4,"Xây dựng văn hóa, đạo đức, con người Việt Nam hiện nay theo tư tưởng Hồ Chí Minh",1,"Qua 35 năm đổi mới, đất nước đạt những kết quả nhất định trong xây dựng văn hóa, đạo đức, con người nhưng còn nhiều khuyết điểm. Đại hội XIII của Đảng chỉ rõ: văn hóa chưa được quan tâm tương xứng với kinh tế và chính trị, chưa thật sự trở thành nguồn lực, động lực nội sinh của phát triển bền vững; môi trường văn hóa, xã hội bị ô nhiễm bởi tệ nạn, tham nhũng, tiêu cực; chênh lệch hưởng thụ văn hóa giữa các vùng còn lớn. Tình trạng suy thoái về tư tưởng chính trị, đạo đức, lối sống có chiều hướng gia tăng.

Do đó phải chú trọng hơn nữa việc xây dựng văn hóa, đạo đức, con người để đáp ứng yêu cầu phát triển nhanh và bền vững. (Giáo trình 2021, tr.248-249)","Đại hội XIII: văn hóa chưa tương xứng với kinh tế, chính trị; suy thoái đạo đức, lối sống có chiều hướng gia tăng.",Thực trạng và yêu cầu
6,ch6-b4,"Xây dựng văn hóa, đạo đức, con người Việt Nam hiện nay theo tư tưởng Hồ Chí Minh",2,"Nghị quyết Hội nghị Trung ương 5 khóa VIII (7/1998): văn hóa là nền tảng tinh thần của xã hội, vừa là mục tiêu vừa là động lực thúc đẩy phát triển kinh tế - xã hội; nền văn hóa tiên tiến, đậm đà bản sắc dân tộc; thống nhất mà đa dạng; là sự nghiệp của toàn dân do Đảng lãnh đạo, trong đó đội ngũ trí thức giữ vai trò quan trọng; văn hóa là một mặt trận.

Cương lĩnh (bổ sung, phát triển năm 2011) khẳng định xây dựng nền văn hóa tiên tiến, đậm đà bản sắc dân tộc, phát triển toàn diện, thấm nhuần tinh thần nhân văn, dân chủ, tiến bộ, kế thừa truyền thống và tiếp thu tinh hoa nhân loại.

Cần nhận thức sâu sắc vai trò của văn hóa: văn hóa còn thì chế độ còn, văn hóa mất thì chế độ mất. Văn hóa là nền tảng tinh thần của xã hội. (Giáo trình 2021, tr.249-252)","Văn hóa là nền tảng tinh thần của xã hội, vừa là mục tiêu vừa là động lực phát triển.",Quan điểm của Đảng về văn hóa
6,ch6-b4,"Xây dựng văn hóa, đạo đức, con người Việt Nam hiện nay theo tư tưởng Hồ Chí Minh",3,"Cương lĩnh 2011 khẳng định: con người là trung tâm của chiến lược phát triển, đồng thời là chủ thể phát triển; tôn trọng và bảo vệ quyền con người. Nghị quyết 33-NQ/TW (9/6/2014) và Đại hội XIII định hướng phát triển con người toàn diện và xây dựng nền văn hóa tiên tiến, đậm đà bản sắc dân tộc để văn hóa, con người trở thành sức mạnh nội sinh, động lực phát triển đất nước.

Hội nghị Trung ương 5 khóa VIII nêu hệ giá trị chung của con người Việt Nam: yêu nước, tự cường dân tộc, ý thức tập thể, lối sống lành mạnh, cần kiệm, trung thực, nhân nghĩa, lao động sáng tạo, thường xuyên học tập.

Đại hội XII nêu tám nhiệm vụ cụ thể, trong đó nhiệm vụ đầu tiên là xây dựng con người Việt Nam phát triển toàn diện là mục tiêu của chiến lược phát triển; tiếp theo là xây dựng môi trường văn hóa lành mạnh, xây dựng văn hóa trong chính trị và kinh tế, phát triển công nghiệp văn hóa, hội nhập quốc tế về văn hóa. (Giáo trình 2021, tr.251-255)","Con người là trung tâm và chủ thể của chiến lược phát triển; Đại hội XII nêu tám nhiệm vụ về văn hóa, con người.",Quan điểm của Đảng về con người và nhiệm vụ cụ thể
6,ch6-b4,"Xây dựng văn hóa, đạo đức, con người Việt Nam hiện nay theo tư tưởng Hồ Chí Minh",4,"Đạo đức Hồ Chí Minh là đạo đức của bậc đại nhân, đại trí, đại dũng, đồng thời là đạo đức của người chân chính, bình thường, ai cũng có thể học tập và làm theo. Người mong muốn: ""Thanh niên phải có đức, có tài"". Thế hệ trẻ là người chủ tương lai của nước nhà; nước nhà thịnh hay suy phần lớn do thanh niên.

Người đặt hai câu hỏi cho thanh niên trí thức: Học để làm gì? Học để phục vụ ai? Cần trả lời dứt khoát để có phương hướng sửa chữa khuyết điểm của mình.

Bên cạnh mặt tích cực, một bộ phận sinh viên phai nhạt niềm tin, lý tưởng, mất phương hướng, chạy theo lối sống thực dụng, thiếu trách nhiệm. Vì vậy cần tiếp tục đẩy mạnh việc học tập đạo đức Hồ Chí Minh. (Giáo trình 2021, tr.255-259)","Học để làm gì? Học để phục vụ ai? Sinh viên cần có đức, có tài, vững niềm tin và lý tưởng.",Học tập đạo đức Hồ Chí Minh: yêu cầu với sinh viên
6,ch6-b4,"Xây dựng văn hóa, đạo đức, con người Việt Nam hiện nay theo tư tưởng Hồ Chí Minh",5,"Học tập đạo đức cách mạng Hồ Chí Minh là học: (1) trung với nước, hiếu với dân, suốt đời đấu tranh cho cách mạng, ""thắng không kiêu, bại không nản""; (2) cần, kiệm, liêm, chính, chí công vô tư, khiêm tốn, trung thực, trách nhiệm; (3) tin tưởng sức mạnh của nhân dân, kính trọng và hết lòng phục vụ nhân dân, nhân ái, vị tha, khoan dung; (4) ý chí và nghị lực vượt mọi thử thách, gian nguy; (5) chủ nghĩa yêu nước kết hợp với chủ nghĩa quốc tế vô sản trong sáng.

Người dạy: việc gì có lợi cho dân dù nhỏ cũng phải hết sức làm, việc gì có hại cho dân dù nhỏ cũng phải hết sức tránh. Trung thực là phẩm chất hàng đầu; trách nhiệm là việc phải gánh vác, không thể thoái thác. Sinh viên thi đua học tập, rèn luyện để lập nghiệp, xây dựng đất nước giàu mạnh, văn minh. (Giáo trình 2021, tr.259-264)",Năm nội dung học tập: trung - hiếu; cần kiệm liêm chính chí công vô tư; tin và phục vụ nhân dân; ý chí nghị lực; yêu nước gắn quốc tế.,Những nội dung học tập và làm theo
