cau_id,bai_id,loai,do_kho,cau_hoi,A,B,C,D,dap_an,giai_thich,nguon
ch1-b1-01,ch1-b1,mot-dap-an,1,"Giáo trình trích khái niệm ""Tư tưởng Hồ Chí Minh"" từ văn kiện nào của Đảng?",Văn kiện Đại hội đại biểu toàn quốc lần thứ XI (năm 2011),Văn kiện Đại hội đại biểu toàn quốc lần thứ VII (năm 1991),Văn kiện Đại hội đại biểu toàn quốc lần thứ XIII (năm 2021),Cương lĩnh chính trị đầu tiên của Đảng,A,"Giáo trình nêu: Đại hội XI (năm 2011) nêu khái niệm ""Tư tưởng Hồ Chí Minh"" như sau.","GT 2021, tr. 12"
ch1-b1-02,ch1-b1,mot-dap-an,1,"Theo khái niệm, tư tưởng Hồ Chí Minh là kết quả của sự vận dụng và phát triển sáng tạo học thuyết nào vào điều kiện cụ thể của nước ta?",Chủ nghĩa Mác - Lênin,Chủ nghĩa duy tâm,Chủ nghĩa tư bản,Chủ nghĩa thực dụng,A,Khái niệm nêu rõ tư tưởng Hồ Chí Minh là kết quả của sự vận dụng và phát triển sáng tạo chủ nghĩa Mác - Lênin vào điều kiện cụ thể của nước ta.,"GT 2021, tr. 12"
ch1-b1-03,ch1-b1,dung-sai,1,Nhận định: Chủ nghĩa Mác - Lênin là giá trị cơ bản nhất trong quá trình hình thành và phát triển của tư tưởng Hồ Chí Minh.,,,,,dung,Giáo trình khẳng định chủ nghĩa Mác - Lênin là giá trị cơ bản nhất trong quá trình hình thành và phát triển của tư tưởng Hồ Chí Minh.,"GT 2021, tr. 13"
ch1-b1-04,ch1-b1,dung-sai,1,"Nhận định: Tư tưởng Hồ Chí Minh chỉ tiếp thu tinh hoa văn hóa nhân loại, không kế thừa giá trị truyền thống của dân tộc.",,,,,sai,"Tư tưởng Hồ Chí Minh vừa kế thừa và phát triển các giá trị truyền thống tốt đẹp của dân tộc, vừa tiếp thu tinh hoa văn hóa nhân loại.","GT 2021, tr. 12-13"
ch1-b1-05,ch1-b1,mot-dap-an,2,Khái niệm tư tưởng Hồ Chí Minh của Đại hội XI chỉ rõ ba điều nào?,Nội dung cơ bản; cơ sở hình thành; ý nghĩa,Thời gian ra đời; địa điểm; tác giả,Mục tiêu; kinh phí; kết quả,Lịch sử; địa lý; dân số,A,"Giáo trình phân tích khái niệm theo ba ý: Một là nội dung cơ bản, hai là cơ sở hình thành, ba là ý nghĩa.","GT 2021, tr. 12-13"
ch1-b1-06,ch1-b1,mot-dap-an,1,"Cùng với chủ nghĩa Mác - Lênin, tư tưởng Hồ Chí Minh là gì đối với Đảng và cách mạng Việt Nam?",Nền tảng tư tưởng và kim chỉ nam cho hành động,Chỉ là tài liệu tham khảo,Chỉ là di sản lịch sử,Chỉ là nội dung giảng dạy ở trường học,A,Tư tưởng Hồ Chí Minh cùng chủ nghĩa Mác - Lênin là bộ phận cấu thành nền tảng tư tưởng và kim chỉ nam cho hành động của Đảng và cách mạng Việt Nam.,"GT 2021, tr. 13"
ch1-b1-07,ch1-b1,mot-dap-an,2,"Sau khi Đảng ra đời, sự hiểu không đúng về tư tưởng Hồ Chí Minh chịu ảnh hưởng của quan điểm nào?",Quan điểm tả khuynh của Đại hội VI Quốc tế Cộng sản (năm 1928),Quan điểm của Đại hội II của Đảng (năm 1951),Quan điểm đổi mới của Đại hội VI (năm 1986),Quan điểm của Đại hội XIII (năm 2021),A,Giáo trình nêu sự hiểu không đúng từ Quốc tế Cộng sản và một số người trong Đảng Cộng sản Đông Dương do chịu ảnh hưởng quan điểm tả khuynh của Đại hội VI Quốc tế Cộng sản (năm 1928).,"GT 2021, tr. 14"
ch1-b1-08,ch1-b1,mot-dap-an,2,"Đại hội nào của Đảng (tháng 2/1951) nêu: đường lối chính trị, nền nếp làm việc và đạo đức cách mạng của Đảng hiện nay là đường lối, tác phong và đạo đức Hồ Chủ tịch?",Đại hội II,Đại hội IV,Đại hội V,Đại hội VII,A,Đại hội II của Đảng (tháng 2/1951) nêu rõ nội dung này.,"GT 2021, tr. 14"
ch1-b1-09,ch1-b1,mot-dap-an,1,Sự kiện nào diễn ra vào ngày 2/9/1969?,Chủ tịch Hồ Chí Minh qua đời,Đại hội IV của Đảng khai mạc,Đảng ra đời,Hiến pháp năm 1992 được thông qua,A,"Ngày 2/9/1969, Chủ tịch Hồ Chí Minh qua đời; Điếu văn của Ban Chấp hành Trung ương Đảng được đọc.","GT 2021, tr. 15"
ch1-b1-10,ch1-b1,sap-xep,2,"Sắp xếp các Đại hội của Đảng sau đây theo thứ tự thời gian, từ sớm đến muộn.",Đại hội VII (năm 1991),Đại hội II (tháng 2/1951),Đại hội XIII (năm 2021),Đại hội IV (tháng 12/1976),"B,D,A,C","Thứ tự đúng: Đại hội II (1951), Đại hội IV (1976), Đại hội VII (1991), Đại hội XIII (2021).","GT 2021, tr. 14-18"
ch1-b1-11,ch1-b1,mot-dap-an,1,Đại hội VI của Đảng (tháng 12/1986) đề ra đường lối gì?,Đổi mới toàn diện ở nước ta,Cải cách ruộng đất,Kháng chiến toàn quốc,Thành lập Mặt trận Việt Minh,A,Đại hội VI (tháng 12/1986) đã đề ra đường lối đổi mới toàn diện ở nước ta.,"GT 2021, tr. 16"
ch1-b1-12,ch1-b1,mot-dap-an,2,"Đại hội nào của Đảng khẳng định ""Đảng lấy chủ nghĩa Mác - Lênin và tư tưởng Hồ Chí Minh làm nền tảng tư tưởng, kim chỉ nam cho hành động""?",Đại hội VII (năm 1991),Đại hội II (năm 1951),Đại hội IV (năm 1976),Đại hội V (năm 1982),A,Đại hội VII (năm 1991) là một mốc lớn khi nêu cao tư tưởng Hồ Chí Minh và khẳng định nội dung trên.,"GT 2021, tr. 16"
ch1-b1-13,ch1-b1,mot-dap-an,2,"Việc lấy chủ nghĩa Mác - Lênin, tư tưởng Hồ Chí Minh làm nền tảng tư tưởng được ghi nhận trong Hiến pháp nào?","Hiến pháp năm 1992, sửa đổi, bổ sung năm 2013",Hiến pháp năm 1946,Hiến pháp năm 1959,Hiến pháp năm 1980,A,"Giáo trình nêu việc này được ghi nhận trong Hiến pháp nước Cộng hoà xã hội chủ nghĩa Việt Nam năm 1992, sửa đổi, bổ sung năm 2013.","GT 2021, tr. 17"
ch1-b1-14,ch1-b1,mot-dap-an,2,Đại hội XIII của Đảng (năm 2021) khẳng định quan điểm chỉ đạo nào?,"Kiên định và vận dụng phát triển sáng tạo chủ nghĩa Mác - Lênin, tư tưởng Hồ Chí Minh",Chỉ giữ nguyên các quan điểm cũ,Thay thế tư tưởng Hồ Chí Minh bằng học thuyết khác,Tách tư tưởng Hồ Chí Minh khỏi chủ nghĩa Mác - Lênin,A,"Đại hội XIII (năm 2021) khẳng định quan điểm chỉ đạo: ""Kiên định và vận dụng phát triển sáng tạo chủ nghĩa Mác - Lênin, tư tưởng Hồ Chí Minh"".","GT 2021, tr. 18"
ch1-b1-15,ch1-b1,mot-dap-an,2,UNESCO ghi nhận Chủ tịch Hồ Chí Minh là nhân vật nào trong Nghị quyết về kỷ niệm 100 năm Ngày sinh của Người?,Anh hùng giải phóng dân tộc và Nhà văn hóa kiệt xuất của Việt Nam,Nhà khoa học kiệt xuất của thế giới,Nhà kinh tế học lỗi lạc,Nhà quân sự kiệt xuất của châu Á,A,"Nghị quyết của UNESCO ghi nhận năm 1990 là 100 năm ngày sinh của Chủ tịch Hồ Chí Minh, Anh hùng giải phóng dân tộc và Nhà văn hóa kiệt xuất của Việt Nam.","GT 2021, tr. 19"
ch1-b1-16,ch1-b1,dung-sai,2,Nhận định: UNESCO ra Nghị quyết về kỷ niệm 100 năm Ngày sinh của Chủ tịch Hồ Chí Minh tại khóa họp Đại Hội đồng lần thứ 24 ở Pari (năm 1987).,,,,,dung,"Giáo trình nêu UNESCO, tại khóa họp Đại Hội đồng lần thứ 24 ở Pari từ 20/10 đến 20/11/1987, đã ra Nghị quyết về kỷ niệm 100 năm Ngày sinh của Chủ tịch Hồ Chí Minh.","GT 2021, tr. 18-19"
ch1-b2-01,ch1-b2,mot-dap-an,1,Môn học Tư tưởng Hồ Chí Minh là một nội dung của chuyên ngành nào?,Hồ Chí Minh học,Kinh tế học,Địa lý học,Toán học,A,Môn học là một nội dung của chuyên ngành Hồ Chí Minh học.,"GT 2021, tr. 19"
ch1-b2-02,ch1-b2,mot-dap-an,1,Chuyên ngành Hồ Chí Minh học nằm trong ngành nào?,Khoa học chính trị,Khoa học tự nhiên,Kỹ thuật,Nghệ thuật,A,Hồ Chí Minh học nằm trong ngành Khoa học chính trị.,"GT 2021, tr. 19"
ch1-b2-03,ch1-b2,mot-dap-an,1,Đối tượng nghiên cứu của môn học Tư tưởng Hồ Chí Minh là gì?,Toàn bộ những quan điểm của Hồ Chí Minh thể hiện trong di sản của Người,Chỉ các sự kiện lịch sử thế giới,Chỉ các tác phẩm văn học của Người,Lịch sử các đảng chính trị trên thế giới,A,Đối tượng nghiên cứu là toàn bộ những quan điểm của Hồ Chí Minh thể hiện trong di sản của Người.,"GT 2021, tr. 19"
ch1-b2-04,ch1-b2,dung-sai,1,Nhận định: Hệ thống quan điểm của Hồ Chí Minh chỉ được phản ánh trong các bài viết của Người.,,,,,sai,"Hệ thống quan điểm ấy được phản ánh trong bài nói, bài viết, hoạt động cách mạng và cuộc sống hằng ngày của Người.","GT 2021, tr. 19"
ch1-b2-05,ch1-b2,mot-dap-an,2,Hệ thống quan điểm của Hồ Chí Minh được phản ánh ở đâu?,"Bài nói, bài viết, hoạt động cách mạng và cuộc sống hằng ngày của Người",Chỉ trong các văn kiện của Đảng,Chỉ trong hồi ký của người khác,Chỉ trong sách giáo khoa,A,"Giáo trình nêu bốn nguồn phản ánh: bài nói, bài viết, hoạt động cách mạng và cuộc sống hằng ngày của Người.","GT 2021, tr. 19"
ch1-b2-06,ch1-b2,mot-dap-an,2,Những vấn đề lý luận và thực tiễn trong tư tưởng Hồ Chí Minh được rút ra từ đâu?,Cuộc đời hoạt động rất phong phú ở cả trong nước và trên thế giới của Người,Các cuộc khảo sát của nước ngoài,Chỉ từ sách vở nước ngoài,Chỉ từ các hội nghị quốc tế,A,Đó là những vấn đề lý luận và thực tiễn được rút ra từ cuộc đời hoạt động rất phong phú ở cả trong nước và trên thế giới của Hồ Chí Minh.,"GT 2021, tr. 19-20"
ch1-b2-07,ch1-b2,mot-dap-an,2,Hồ Chí Minh phấn đấu cho sự nghiệp giải phóng nào?,"Giải phóng dân tộc, giải phóng xã hội, giải phóng giai cấp, giải phóng con người",Chỉ giải phóng dân tộc,Chỉ giải phóng giai cấp,Chỉ giải phóng kinh tế,A,"Giáo trình nêu Người phấn đấu cho sự nghiệp giải phóng dân tộc, giải phóng xã hội, giải phóng giai cấp, giải phóng con người.","GT 2021, tr. 20"
ch1-b2-08,ch1-b2,dung-sai,1,Nhận định: Đối tượng nghiên cứu của môn học còn là quá trình hiện thực hóa hệ thống quan điểm của Hồ Chí Minh trong quá trình phát triển của dân tộc Việt Nam.,,,,,dung,"Giáo trình nêu đối tượng nghiên cứu còn là quá trình ""hiện thực hóa"" hệ thống quan điểm của Hồ Chí Minh.","GT 2021, tr. 20"
ch1-b2-09,ch1-b2,mot-dap-an,2,"""Hiện thực hóa"" hệ thống quan điểm của Hồ Chí Minh có nghĩa là gì?",Quá trình hệ thống quan điểm ấy vận động trong thực tiễn của dân tộc Việt Nam,Việc cất giữ các văn bản của Người,Việc dịch các tác phẩm của Người ra tiếng nước ngoài,Việc tổ chức lễ kỷ niệm,A,"Đó là quá trình hệ thống quan điểm của Hồ Chí Minh vận động trong thực tiễn, trong quá trình phát triển của dân tộc Việt Nam.","GT 2021, tr. 20"
ch1-b2-10,ch1-b2,mot-dap-an,2,"Trong quá trình hiện thực hóa hệ thống quan điểm của Hồ Chí Minh, cách mạng Việt Nam luôn làm gì?",Vận dụng và phát triển sáng tạo hệ thống quan điểm đó trong những điều kiện mới,"Giữ nguyên, không vận dụng",Từ bỏ những quan điểm đã có,Chỉ sao chép kinh nghiệm nước ngoài,A,Cách mạng Việt Nam luôn vận dụng và phát triển sáng tạo hệ thống quan điểm đó trong những điều kiện mới.,"GT 2021, tr. 20"
ch1-b2-11,ch1-b2,dung-sai,1,Nhận định: Môn học Tư tưởng Hồ Chí Minh thuộc chuyên ngành kinh tế học.,,,,,sai,"Môn học là một nội dung của chuyên ngành Hồ Chí Minh học, nằm trong ngành Khoa học chính trị.","GT 2021, tr. 19"
ch1-b2-12,ch1-b2,dung-sai,2,Nhận định: Cuộc sống hằng ngày của Hồ Chí Minh cũng là nơi phản ánh hệ thống quan điểm của Người.,,,,,dung,"Hệ thống quan điểm được phản ánh trong bài nói, bài viết, hoạt động cách mạng và trong cuộc sống hằng ngày của Người.","GT 2021, tr. 19"
ch1-b2-13,ch1-b2,mot-dap-an,1,Hệ thống quan điểm của Hồ Chí Minh là hệ thống quan điểm như thế nào về những vấn đề cơ bản của cách mạng Việt Nam?,Toàn diện và sâu sắc,Rời rạc và ngẫu nhiên,Chỉ mang tính địa phương,Chỉ mang tính kỹ thuật,A,Giáo trình gọi đó là hệ thống quan điểm toàn diện và sâu sắc về những vấn đề cơ bản của cách mạng Việt Nam.,"GT 2021, tr. 19"
ch1-b2-14,ch1-b2,mot-dap-an,2,Đối tượng nghiên cứu của môn học gồm hai phần nào?,Toàn bộ quan điểm trong di sản của Người; quá trình hiện thực hóa các quan điểm ấy,Lịch sử thế giới; địa lý Việt Nam,Kinh tế thị trường; tài chính,Văn học dân gian; âm nhạc,A,Đó là (1) toàn bộ quan điểm của Hồ Chí Minh trong di sản của Người và (2) quá trình hiện thực hóa hệ thống quan điểm đó.,"GT 2021, tr. 19-20"
ch1-b2-15,ch1-b2,dung-sai,2,Nhận định: Quá trình hiện thực hóa các quan điểm của Hồ Chí Minh không thuộc đối tượng nghiên cứu của môn học.,,,,,sai,Giáo trình khẳng định đối tượng nghiên cứu còn là quá trình hệ thống quan điểm của Hồ Chí Minh vận động trong thực tiễn.,"GT 2021, tr. 20"
ch1-b3-01,ch1-b3,mot-dap-an,1,Phương pháp luận Hồ Chí Minh lấy gì làm cơ sở?,Chủ nghĩa duy vật biện chứng và chủ nghĩa duy vật lịch sử Mác - Lênin,Chủ nghĩa duy tâm,Chủ nghĩa kinh nghiệm,Chủ nghĩa hoài nghi,A,Phương pháp luận Hồ Chí Minh lấy phương pháp luận chủ nghĩa duy vật biện chứng và chủ nghĩa duy vật lịch sử Mác - Lênin làm cơ sở.,"GT 2021, tr. 20"
ch1-b3-02,ch1-b3,mot-dap-an,2,"Nguyên tắc ""đứng trên lập trường giai cấp công nhân, quán triệt Cương lĩnh, đường lối của Đảng, đồng thời bảo đảm tính khách quan, khoa học"" thuộc nguyên tắc nào?",Thống nhất tính đảng và tính khoa học,Thống nhất lý luận và thực tiễn,Quan điểm lịch sử - cụ thể,Quan điểm kế thừa và phát triển,A,Đó là nội dung của nguyên tắc thống nhất tính đảng và tính khoa học.,"GT 2021, tr. 21"
ch1-b3-03,ch1-b3,sap-xep,3,Sắp xếp các nguyên tắc phương pháp luận theo thứ tự trình bày trong giáo trình.,Quan điểm toàn diện và hệ thống,Quan điểm lịch sử - cụ thể,Quan điểm kế thừa và phát triển,Thống nhất lý luận và thực tiễn,"D,B,A,C","Giáo trình trình bày: (a) tính đảng - tính khoa học, (b) lý luận - thực tiễn, (c) lịch sử - cụ thể, (d) toàn diện - hệ thống, (đ) kế thừa - phát triển.","GT 2021, tr. 21-25"
ch1-b3-04,ch1-b3,mot-dap-an,1,Hồ Chí Minh ví lý luận như cái gì?,"Cái kim chỉ nam, chỉ phương hướng cho công việc thực tế",Cái hòm đựng sách,Cái đích để bắn,Cái mũ để trang trí,A,"Người nói: lý luận như cái kim chỉ nam, nó chỉ phương hướng cho chúng ta trong công việc thực tế.","GT 2021, tr. 21"
ch1-b3-05,ch1-b3,mot-dap-an,2,Hồ Chí Minh phê bình căn bệnh nào của những người kém lý luận?,"Bệnh ""khinh lý luận""","Bệnh ""lý luận suông""",Bệnh sính ngoại,Bệnh quan liêu,A,"Người phê bình sự chủ quan, kém lý luận, ""mắc phải cái bệnh khinh lý luận"".","GT 2021, tr. 22"
ch1-b3-06,ch1-b3,mot-dap-an,2,Xem hàng ngàn hàng vạn quyển lý luận mà không biết thực hành thì Hồ Chí Minh ví như gì?,Một cái hòm đựng sách,Một cái đích để bắn,Một ngọn đèn,Một cái kim chỉ nam,A,"Người chỉ rõ căn bệnh ""lý luận suông"": xem nhiều sách mà không thực hành thì khác nào một cái hòm đựng sách.","GT 2021, tr. 22"
ch1-b3-07,ch1-b3,mot-dap-an,2,"Trong ví dụ của Hồ Chí Minh, lý luận như cái tên (viên đạn) thì thực hành như gì?",Cái đích để bắn,Cái cung,Cái bia đỡ đạn,Cái hòm đựng tên,A,"Người nói: lý luận cũng như cái tên (hoặc viên đạn), thực hành cũng như cái đích để bắn.","GT 2021, tr. 22"
ch1-b3-08,ch1-b3,dung-sai,2,Nhận định: Trong nghiên cứu tư tưởng Hồ Chí Minh cần tuyệt đối hóa lý luận và coi nhẹ thực tiễn.,,,,,sai,Giáo trình nêu không có sự tuyệt đối hóa mặt nào giữa lý luận và thực tiễn; đó là sự thống nhất biện chứng.,"GT 2021, tr. 22-23"
ch1-b3-09,ch1-b3,mot-dap-an,2,Nội dung của quan điểm lịch sử - cụ thể là gì?,"Xem sự vật, hiện tượng đã xuất hiện trong lịch sử như thế nào và trải qua những giai đoạn phát triển chủ yếu nào",Chỉ mô tả hiện tại,Bỏ qua bối cảnh lịch sử,Chỉ tập trung vào những sự kiện quân sự,A,Quan điểm này vận dụng chủ nghĩa duy vật lịch sử để xem xét sự vật trong mối liên hệ lịch sử căn bản.,"GT 2021, tr. 23"
ch1-b3-10,ch1-b3,mot-dap-an,2,Hạt nhân cốt lõi của hệ thống tư tưởng Hồ Chí Minh là gì?,"Tư tưởng độc lập, tự do, dân chủ và chủ nghĩa xã hội",Tư tưởng về thương mại,Tư tưởng về nghệ thuật,Tư tưởng về thể thao,A,"Giáo trình nêu hệ thống tư tưởng xoay quanh hạt nhân cốt lõi là tư tưởng độc lập, tự do, dân chủ và chủ nghĩa xã hội.","GT 2021, tr. 23-24"
ch1-b3-11,ch1-b3,dung-sai,2,Nhận định: Nếu tách rời một yếu tố nào đó khỏi hệ thống tư tưởng Hồ Chí Minh thì vẫn hiểu đúng tư tưởng của Người.,,,,,sai,Giáo trình nêu: nếu tách rời một yếu tố nào đó khỏi hệ thống sẽ hiểu sai tư tưởng Hồ Chí Minh.,"GT 2021, tr. 24"
ch1-b3-12,ch1-b3,mot-dap-an,2,Quan điểm kế thừa và phát triển đòi hỏi người nghiên cứu điều gì?,"Không chỉ kế thừa, vận dụng mà còn phát triển sáng tạo tư tưởng của Người trong điều kiện lịch sử mới",Chỉ kế thừa nguyên xi,Bác bỏ mọi kế thừa,"Chỉ vận dụng, không phát triển",A,"Nghiên cứu, học tập tư tưởng Hồ Chí Minh đòi hỏi không chỉ biết kế thừa, vận dụng mà còn phải biết phát triển sáng tạo.","GT 2021, tr. 25"
ch1-b3-13,ch1-b3,mot-dap-an,2,"Phương pháp lôgíc nghiên cứu sự vật, hiện tượng nhằm mục đích gì?",Tìm ra bản chất vốn có và khái quát thành lý luận,Sắp xếp theo trình tự thời gian,Thống kê số liệu,Trích dẫn văn bản,A,"Phương pháp lôgíc nghiên cứu một cách tổng quát nhằm tìm ra bản chất vốn có của sự vật, hiện tượng và khái quát thành lý luận.","GT 2021, tr. 25"
ch1-b3-14,ch1-b3,mot-dap-an,2,"Phương pháp lịch sử nghiên cứu sự vật, hiện tượng theo cách nào?","Theo trình tự thời gian, từ phát sinh, phát triển đến hệ quả",Theo thứ tự chữ cái,Theo mức độ nổi tiếng,Theo số lượng tác phẩm,A,"Phương pháp lịch sử nghiên cứu sự vật và hiện tượng theo trình tự thời gian, diễn biến từ phát sinh, phát triển đến hệ quả.","GT 2021, tr. 26"
ch1-b3-15,ch1-b3,mot-dap-an,2,"Bộ sách tập hợp cơ bản các bài viết, bài nói của Hồ Chí Minh (Hồ Chí Minh: Toàn tập) gồm bao nhiêu tập?",15 tập,5 tập,10 tập,30 tập,A,Chú thích của giáo trình nêu những văn bản đó về cơ bản được tập hợp trong bộ sách Hồ Chí Minh: Toàn tập (15 tập).,"GT 2021, tr. 26"
ch1-b3-16,ch1-b3,dung-sai,2,"Nhận định: Chỉ cần dựa vào các tác phẩm là đủ, không cần xem xét hoạt động thực tiễn của Hồ Chí Minh.",,,,,sai,Di sản của Người còn ở toàn bộ cuộc đời hoạt động; có nội dung phản ánh tư tưởng không ở trong văn bản mà ở trong chỉ đạo thực tiễn của Người.,"GT 2021, tr. 26-27"
ch1-b3-17,ch1-b3,mot-dap-an,2,"Vì Hồ Chí Minh thể hiện tư tưởng qua nhiều lĩnh vực (chính trị, triết học, kinh tế, quân sự, văn hóa), nên cần sử dụng phương pháp nào?","Phương pháp chuyên ngành, liên ngành",Phương pháp duy nhất là thống kê,Phương pháp chỉ dùng cho khoa học tự nhiên,Không cần phương pháp nào,A,Vì tư tưởng thể hiện qua nhiều lĩnh vực nên cần sử dụng các phương pháp chuyên ngành và liên ngành.,"GT 2021, tr. 27"
ch1-b3-18,ch1-b3,dung-sai,3,Nhận định: Hồ Chí Minh xem xét cách mạng Việt Nam trong quan hệ tổng thể với cách mạng thế giới.,,,,,dung,"Vì coi tính bao quát là nguyên tắc tư duy và hành động, Hồ Chí Minh xem xét cách mạng Việt Nam trong quan hệ tổng thể với cách mạng thế giới.","GT 2021, tr. 24"
ch1-b4-01,ch1-b4,mot-dap-an,1,Ý nghĩa thứ nhất của việc học tập môn Tư tưởng Hồ Chí Minh là gì?,Góp phần nâng cao năng lực tư duy lý luận,Rèn luyện thể lực,Học ngoại ngữ,Chuẩn bị nghề nghiệp kỹ thuật,A,Ý nghĩa đầu tiên nêu trong giáo trình là góp phần nâng cao năng lực tư duy lý luận.,"GT 2021, tr. 28"
ch1-b4-02,ch1-b4,mot-dap-an,2,Giáo trình nêu mấy ý nghĩa của việc học tập môn Tư tưởng Hồ Chí Minh?,Ba,Hai,Bốn,Năm,A,"Có ba ý nghĩa: nâng cao năng lực tư duy lý luận; giáo dục và định hướng thực hành đạo đức cách mạng; xây dựng, rèn luyện phương pháp và phong cách công tác.","GT 2021, tr. 28-31"
ch1-b4-03,ch1-b4,mot-dap-an,2,Mong muốn cuối cùng của Hồ Chí Minh được giáo trình trích dẫn là gì?,"Toàn Đảng toàn dân đoàn kết phấn đấu xây dựng một nước Việt Nam hòa bình, thống nhất, độc lập, dân chủ và giàu mạnh",Xây dựng một đội quân hùng mạnh nhất thế giới,Trở thành nước xuất khẩu lớn nhất,Xóa bỏ mọi đảng phái,A,"Đó là mong muốn: xây dựng một nước Việt Nam hòa bình, thống nhất, độc lập, dân chủ và giàu mạnh, và góp phần xứng đáng vào sự nghiệp cách mạng thế giới.","GT 2021, tr. 29"
ch1-b4-04,ch1-b4,dung-sai,2,"Nhận định: Môn học giúp sinh viên tích cực, chủ động đấu tranh phê phán những quan điểm sai trái để bảo vệ sự trong sáng của chủ nghĩa Mác - Lênin, tư tưởng Hồ Chí Minh.",,,,,dung,"Giáo trình nêu đây là một tác dụng của môn học, thuộc ý nghĩa nâng cao năng lực tư duy lý luận.","GT 2021, tr. 28-29"
ch1-b4-05,ch1-b4,mot-dap-an,2,"Giai đoạn nào trong quá trình hình thành năng lực tư duy lý luận được giáo trình nhấn mạnh là rất quan trọng, gắn với tuổi trẻ?",Giai đoạn nghiên cứu ở trường đại học,Giai đoạn về hưu,Giai đoạn mầm non,Giai đoạn đi làm,A,"Giáo trình nêu giai đoạn nghiên cứu ở trường đại học rất quan trọng, nó gắn với tuổi trẻ của con người.","GT 2021, tr. 29"
ch1-b4-06,ch1-b4,mot-dap-an,2,Ý nghĩa thứ hai của việc học tập môn học là gì?,"Giáo dục và định hướng thực hành đạo đức cách mạng, củng cố niềm tin khoa học, bồi dưỡng lòng yêu nước",Nâng cao kỹ năng kinh doanh,Học cách chế tạo máy móc,Rèn luyện kỹ năng thể thao,A,"Ý nghĩa thứ hai là giáo dục và định hướng thực hành đạo đức cách mạng, củng cố niềm tin khoa học gắn liền với trau dồi tình cảm cách mạng, bồi dưỡng lòng yêu nước.","GT 2021, tr. 29"
ch1-b4-07,ch1-b4,mot-dap-an,2,Hồ Chí Minh là một chiến sĩ kiên cường đấu tranh vì những giá trị nào giữa các dân tộc trên thế giới?,"Độc lập, hòa bình, hữu nghị, hợp tác và tiến bộ",Chiến tranh và mở rộng lãnh thổ,Cạnh tranh và độc quyền,Ly khai và chia rẽ,A,"Giáo trình nêu Người là một chiến sĩ kiên cường đấu tranh vì độc lập, hòa bình, hữu nghị, hợp tác và tiến bộ giữa các dân tộc trên thế giới.","GT 2021, tr. 30"
ch1-b4-08,ch1-b4,mot-dap-an,2,Nghiên cứu môn học góp phần thực hành đạo đức cách mạng và chống điều gì?,Chống chủ nghĩa cá nhân,Chống lao động,Chống học tập,Chống hợp tác,A,"Môn học góp phần thực hành đạo đức cách mạng, chống chủ nghĩa cá nhân, sống có ích cho xã hội.","GT 2021, tr. 30"
ch1-b4-09,ch1-b4,dung-sai,1,Nhận định: Học môn Tư tưởng Hồ Chí Minh góp phần nâng cao bản lĩnh chính trị của sinh viên.,,,,,dung,"Sinh viên sẽ nâng cao bản lĩnh chính trị, kiên định ý thức và trách nhiệm công dân.","GT 2021, tr. 30"
ch1-b4-10,ch1-b4,mot-dap-an,2,Ý nghĩa thứ ba của việc học tập môn học là gì?,"Xây dựng, rèn luyện phương pháp và phong cách công tác",Nâng cao năng lực thể thao,Học các ngôn ngữ cổ,Chuẩn bị đi du lịch,A,"Ý nghĩa thứ ba là xây dựng, rèn luyện phương pháp và phong cách công tác.","GT 2021, tr. 30"
ch1-b4-11,ch1-b4,mot-dap-an,1,Phương châm nào của Hồ Chí Minh được giáo trình nêu khi nói về việc xây dựng phong cách phù hợp hoàn cảnh?,"Dĩ bất biến, ứng vạn biến",Có công mài sắt có ngày nên kim,Nước chảy đá mòn,Học đi đôi với hành,A,"Giáo trình nêu phương châm của Hồ Chí Minh: Dĩ bất biến, ứng vạn biến.","GT 2021, tr. 31"
ch1-b4-12,ch1-b4,mot-dap-an,2,Phong cách nào sau đây KHÔNG được giáo trình nêu trong việc xây dựng phong cách của người học?,Phong cách kinh doanh,Phong cách tư duy,Phong cách diễn đạt,Phong cách làm việc,A,"Giáo trình nêu phong cách tư duy, diễn đạt, làm việc, ứng xử, sinh hoạt; không nêu phong cách kinh doanh.","GT 2021, tr. 31"
ch1-b4-13,ch1-b4,dung-sai,2,"Nhận định: Môn học chỉ có ý nghĩa về mặt lý luận, không liên quan đến hành động của người học.",,,,,sai,"Môn học giúp vận dụng kiến thức vào việc xây dựng phương pháp học tập, tu dưỡng, rèn luyện và phong cách làm việc của người học.","GT 2021, tr. 30-31"
ch1-b4-14,ch1-b4,mot-dap-an,3,Khát vọng của Hồ Chí Minh và của mỗi người Việt Nam yêu nước được giáo trình nêu là làm cho đất nước như thế nào?,"Ngày càng đàng hoàng hơn, to đẹp hơn",Ngày càng đông dân hơn,Ngày càng rộng hơn,Ngày càng xa thế giới hơn,A,"Giáo trình nêu khát vọng làm cho đất nước ngày càng đàng hoàng hơn, to đẹp hơn.","GT 2021, tr. 31"
ch1-b4-15,ch1-b4,mot-dap-an,2,Tư tưởng Hồ Chí Minh góp phần giáo dục thế hệ trẻ trở thành những gì?,Những chiến sĩ tiên phong trong sự nghiệp xây dựng và bảo vệ Tổ quốc Việt Nam xã hội chủ nghĩa,Những người chỉ làm việc riêng,Những người tránh trách nhiệm xã hội,Những người chỉ nghiên cứu lý thuyết,A,"Giáo trình nêu góp phần giáo dục thế hệ trẻ tiếp tục hình thành nhân cách, trở thành những chiến sĩ tiên phong trong sự nghiệp xây dựng và bảo vệ Tổ quốc.","GT 2021, tr. 31"
ch1-b4-16,ch1-b4,mot-dap-an,2,Mục tiêu về mặt tư tưởng của Chương 1 là giúp sinh viên điều gì?,"Thấy rõ vai trò của Hồ Chí Minh đối với sự phát triển của dân tộc, thêm tin tưởng vào chế độ chính trị xã hội chủ nghĩa và sự lãnh đạo của Đảng",Chỉ nhớ các ngày tháng,Học một ngoại ngữ,Rèn luyện thể lực,A,"Đó là nội dung của mục tiêu ""Về tư tưởng"" của Chương 1.","GT 2021, tr. 11"
ch1-ex-01,ch1,mot-dap-an,2,"Mục tiêu ""về kỹ năng"" của Chương 1 là gì?","Bước đầu có tư duy và kỹ năng đúng đắn, phù hợp khi phân tích cả lý luận và thực tiễn các vấn đề trong cuộc sống",Thành thạo một nghề thủ công,Giỏi tính toán,Thành thạo ngoại ngữ,A,"Mục tiêu về kỹ năng: qua nghiên cứu môn học, sinh viên bước đầu có tư duy và kỹ năng đúng đắn, phù hợp khi phân tích cả về mặt lý luận và thực tiễn.","GT 2021, tr. 11"
ch1-ex-02,ch1,mot-dap-an,2,"Mục tiêu ""về kiến thức"" của Chương 1 là gì?",Trang bị kiến thức cơ bản về một số vấn đề chung (nhập môn) của môn học Tư tưởng Hồ Chí Minh,Học toàn bộ lịch sử thế giới,Học các phương pháp kế toán,Học lập trình,A,Chương 1 góp phần trang bị cho sinh viên những kiến thức cơ bản về một số vấn đề chung (nhập môn) của môn học.,"GT 2021, tr. 11"
ch1-ex-03,ch1,dung-sai,2,Nhận định: Tư tưởng Hồ Chí Minh là tài sản tinh thần vô cùng to lớn và quý giá của Đảng và dân tộc ta.,,,,,dung,"Đây là một nội dung trong khái niệm của Đại hội XI, nêu ý nghĩa của tư tưởng Hồ Chí Minh.","GT 2021, tr. 12"
ch1-b1-p20-multi,ch1-b1,nhieu-dap-an,2,"Theo khái niệm, tư tưởng Hồ Chí Minh kế thừa và tiếp thu những giá trị nào?",Các giá trị truyền thống tốt đẹp của dân tộc,Tinh hoa văn hóa nhân loại,Chỉ các giá trị kinh tế,Chỉ kinh nghiệm quân sự,"A,B",Khái niệm nêu sự kế thừa các giá trị truyền thống tốt đẹp của dân tộc và tiếp thu tinh hoa văn hóa nhân loại.,"GT 2021, tr. 12-13"
ch1-b1-p20-match,ch1-b1,noi-cap,2,Nối đại hội với mốc năm tương ứng.,Đại hội VII,Đại hội XI,Năm 1991,Năm 2011,"a:1,b:2",Đại hội VII diễn ra năm 1991; Đại hội XI năm 2011.,"GT 2021, tr. 12, 16-17"
ch1-b1-p20-fill,ch1-b1,dien-khuyet,1,Tư tưởng Hồ Chí Minh là một hệ thống quan điểm ___ về những vấn đề cơ bản của cách mạng Việt Nam.,toàn diện và sâu sắc,rời rạc và ngẫu nhiên,chỉ mang tính địa phương,chỉ mang tính kỹ thuật,A,Khái niệm xác định đó là hệ thống quan điểm toàn diện và sâu sắc.,"GT 2021, tr. 12"
ch1-b2-p20-multi,ch1-b2,nhieu-dap-an,2,Hệ thống quan điểm của Hồ Chí Minh được phản ánh ở những nguồn nào sau đây?,Bài nói và bài viết,Hoạt động cách mạng,Cuộc sống hằng ngày,Chỉ trong sách giáo khoa,"A,B,C","Giáo trình nêu bài nói, bài viết, hoạt động cách mạng và cuộc sống hằng ngày của Người.","GT 2021, tr. 19"
ch1-b2-p20-match,ch1-b2,noi-cap,2,Nối thuật ngữ với nội dung tương ứng.,Di sản tư tưởng,Hiện thực hóa,Toàn bộ những quan điểm của Hồ Chí Minh trong di sản của Người,Quá trình hệ thống quan điểm vận động trong thực tiễn,"a:1,b:2",Đối tượng nghiên cứu gồm toàn bộ những quan điểm trong di sản và quá trình hiện thực hóa trong thực tiễn.,"GT 2021, tr. 19-20"
ch1-b2-p20-fill,ch1-b2,dien-khuyet,1,Hồ Chí Minh học nằm trong ngành ___.,Khoa học chính trị,Khoa học tự nhiên,Kỹ thuật,Nghệ thuật,A,"Môn học là nội dung của chuyên ngành Hồ Chí Minh học, nằm trong ngành Khoa học chính trị.","GT 2021, tr. 19"
ch1-b3-p20-multi,ch1-b3,nhieu-dap-an,2,Chọn các nguyên tắc phương pháp luận nghiên cứu tư tưởng Hồ Chí Minh.,Thống nhất lý luận và thực tiễn,Quan điểm lịch sử - cụ thể,Quan điểm toàn diện và hệ thống,Tách rời lý luận khỏi thực tiễn,"A,B,C",Ba lựa chọn đầu thuộc các nguyên tắc trong giáo trình; lý luận và thực tiễn phải thống nhất.,"GT 2021, tr. 21-25"
ch1-b3-p20-match,ch1-b3,noi-cap,2,Nối phương pháp với cách nghiên cứu tương ứng.,Phương pháp lôgíc,Phương pháp lịch sử,Tìm bản chất vốn có và khái quát thành lý luận,"Theo trình tự thời gian, từ phát sinh, phát triển đến hệ quả","a:1,b:2",Phương pháp lôgíc khái quát bản chất; phương pháp lịch sử nghiên cứu quá trình theo trình tự thời gian.,"GT 2021, tr. 25-26"
ch1-b3-p20-fill,ch1-b3,dien-khuyet,1,Hồ Chí Minh ví lý luận như ___ chỉ phương hướng cho công việc thực tế.,cái kim chỉ nam,cái hòm đựng sách,cái đích để bắn,cái mũ để trang trí,A,"Lý luận như cái kim chỉ nam, chỉ phương hướng cho công việc thực tế.","GT 2021, tr. 21"
ch2-b1-01,ch2-b1,mot-dap-an,1,Năm nào thực dân Pháp bắt đầu tiến hành xâm lược Việt Nam?,1858,1884,1911,1930,A,"Giáo trình nêu từ năm 1858, thực dân Pháp bắt đầu tiến hành xâm lược Việt Nam.","GT 2021, tr. 33"
ch2-b1-02,ch2-b1,dung-sai,1,"Nhận định: Các cuộc khởi nghĩa dưới ngọn cờ ""Cần Vương"" cuối cùng đều thất bại.",,,,,dung,"Các cuộc khởi nghĩa vũ trang dưới ngọn cờ ""Cần Vương"" do sĩ phu, văn thân lãnh đạo cuối cùng đều thất bại, chứng tỏ tư tưởng phong kiến lỗi thời.","GT 2021, tr. 33"
ch2-b1-03,ch2-b1,mot-dap-an,2,"Sau khi bình định về quân sự, thực dân Pháp từng bước biến nước ta thành xã hội nào?",Thuộc địa và phong kiến,Tư bản chủ nghĩa độc lập,Xã hội chủ nghĩa,Phong kiến độc lập,A,"Giáo trình nêu nước ta từ nước phong kiến từng bước trở thành nước ""thuộc địa và phong kiến"".","GT 2021, tr. 33-34"
ch2-b1-04,ch2-b1,mot-dap-an,2,"Dưới thời Pháp thuộc, khoảng bao nhiêu phần trăm dân số Việt Nam là nông dân?",Khoảng 95%,Khoảng 50%,Khoảng 20%,Khoảng 10%,A,Thực dân Pháp duy trì nền kinh tế nông nghiệp lạc hậu với khoảng 95% dân số là nông dân.,"GT 2021, tr. 34"
ch2-b1-05,ch2-b1,sap-xep,3,"Sắp xếp các phong trào yêu nước theo khuynh hướng dân chủ tư sản đầu thế kỷ XX theo thời gian bắt đầu, từ sớm đến muộn.",Phong trào Đông Kinh nghĩa thục (1907),Phong trào Đông Du (1905),"Phong trào chống đi phu, chống sưu thuế ở Trung Kỳ (1908)",Phong trào Duy Tân (1906),"B,D,A,C","Đông Du bắt đầu năm 1905, Duy Tân năm 1906, Đông Kinh nghĩa thục năm 1907, chống sưu thuế ở Trung Kỳ năm 1908.","GT 2021, tr. 34-35"
ch2-b1-06,ch2-b1,mot-dap-an,2,Nguyên nhân sâu xa khiến các phong trào yêu nước theo khuynh hướng dân chủ tư sản đều thất bại là gì?,Giai cấp tư sản Việt Nam còn non yếu,Nhân dân không có tinh thần yêu nước,Không có ai lãnh đạo,Thiếu vũ khí hiện đại,A,"Nguyên nhân sâu xa là giai cấp tư sản Việt Nam còn non yếu; nguyên nhân trực tiếp là chưa có đường lối, phương pháp đúng đắn.","GT 2021, tr. 35"
ch2-b1-07,ch2-b1,mot-dap-an,2,Cuộc khủng hoảng đầu thế kỷ XX ở Việt Nam là khủng hoảng về vấn đề gì?,Đường lối cứu nước,Lương thực,Giáo dục,Tôn giáo,A,"Giáo trình nêu cuộc khủng hoảng về đường lối cứu nước diễn ra sâu sắc, đặt ra câu hỏi cứu nước bằng con đường nào để đi đến thắng lợi.","GT 2021, tr. 35"
ch2-b1-08,ch2-b1,mot-dap-an,2,Công nhân Việt Nam chịu mấy tầng áp bức bóc lột?,"Ba tầng: thực dân, tư bản, phong kiến",Một tầng: thực dân,"Hai tầng: tư bản, địa chủ",Bốn tầng,A,"Công nhân Việt Nam chịu ba tầng áp bức bóc lột: thực dân, tư bản, phong kiến.","GT 2021, tr. 35"
ch2-b1-09,ch2-b1,mot-dap-an,1,Cách mạng Tháng Mười Nga thành công vào năm nào?,1917,1905,1919,1945,A,Cách mạng Tháng Mười Nga năm 1917 thành công là thắng lợi đầu tiên của chủ nghĩa Mác - Lênin ở một nước lớn.,"GT 2021, tr. 37"
ch2-b1-10,ch2-b1,mot-dap-an,2,Quốc tế Cộng sản ra đời ngày 2/3/1919 ở đâu?,Mátxcơva,Pari,Luân Đôn,Quảng Châu,A,"Ngày 2/3/1919, Quốc tế Cộng sản ra đời ở Mátxcơva, trở thành Bộ tham mưu lãnh đạo phong trào cách mạng thế giới.","GT 2021, tr. 37-38"
ch2-b1-11,ch2-b1,mot-dap-an,1,Giá trị nào là giá trị xuyên suốt trong những truyền thống tốt đẹp của dân tộc Việt Nam?,Chủ nghĩa yêu nước,Chủ nghĩa cá nhân,Chủ nghĩa thực dụng,Chủ nghĩa hoài nghi,A,Chủ nghĩa yêu nước là giá trị xuyên suốt trong những truyền thống tốt đẹp của dân tộc Việt Nam.,"GT 2021, tr. 38"
ch2-b1-12,ch2-b1,mot-dap-an,2,Ba học thuyết lớn của phương Đông mà Hồ Chí Minh kế thừa tinh hoa là gì?,"Nho giáo, Phật giáo, Lão giáo","Nho giáo, Hồi giáo, Ấn Độ giáo","Phật giáo, Thiên Chúa giáo, Lão giáo","Lão giáo, Thần đạo, Hồi giáo",A,"Tinh hoa văn hóa, tư tưởng phương Đông kết tinh trong ba học thuyết lớn Nho giáo, Phật giáo, Lão giáo.","GT 2021, tr. 40"
ch2-b1-13,ch2-b1,mot-dap-an,2,"Từ tư tưởng nào của Phật giáo, Hồ Chí Minh kế thừa và phát triển?","Từ bi, vị tha, yêu thương con người, làm việc thiện",Tách rời cuộc sống,Cầu thần linh ban phước,Xa lánh xã hội,A,"Người kế thừa tư tưởng từ bi, vị tha, yêu thương con người, khuyến khích làm việc thiện, chống điều ác.","GT 2021, tr. 41"
ch2-b1-14,ch2-b1,mot-dap-an,2,"Việc Hồ Chí Minh kêu gọi ""Tết trồng cây"" liên quan tới việc kế thừa tư tưởng của học thuyết nào?",Lão giáo,Nho giáo,Phật giáo,Chủ nghĩa Găngđi,A,"Từ tư tưởng của Lão Tử về sống gắn bó, hòa đồng với thiên nhiên, Người kêu gọi trồng cây, tổ chức Tết trồng cây để bảo vệ môi trường.","GT 2021, tr. 42"
ch2-b1-15,ch2-b1,mot-dap-an,2,"Hồ Chí Minh phát triển sáng tạo quan điểm dân tộc, dân quyền, dân sinh của ai thành tư tưởng đấu tranh cho Độc lập - Tự do - Hạnh phúc?",Tôn Trung Sơn (chủ nghĩa Tam dân),Găngđi,Khổng Tử,Lão Tử,A,"Người phát triển sáng tạo các quan điểm dân tộc, dân quyền, dân sinh của Tôn Trung Sơn theo con đường cách mạng vô sản.","GT 2021, tr. 42-43"
ch2-b1-16,ch2-b1,mot-dap-an,2,"Năm 1905, khi học ở Trường Tiểu học Pháp - bản xứ ở Vinh, Hồ Chí Minh quan tâm tới khẩu hiệu nào của Đại Cách mạng Pháp 1789?",Tự do - Bình đẳng - Bác ái,Độc lập - Tự do - Hạnh phúc,Dân tộc - Dân quyền - Dân sinh,Cần - Kiệm - Liêm - Chính,A,Người quan tâm khẩu hiệu nổi tiếng của Đại Cách mạng Pháp năm 1789: Tự do - Bình đẳng - Bác ái.,"GT 2021, tr. 43"
ch2-b1-17,ch2-b1,dung-sai,2,"Nhận định: Hồ Chí Minh kế thừa quan điểm nhân quyền, dân quyền trong Tuyên ngôn độc lập năm 1776 của Mỹ và Tuyên ngôn nhân quyền và dân quyền năm 1791 của Pháp.",,,,,dung,"Giáo trình nêu Người kế thừa, phát triển những quan điểm nhân quyền, dân quyền trong hai bản tuyên ngôn này.","GT 2021, tr. 43"
ch2-b1-18,ch2-b1,mot-dap-an,2,"Cơ sở lý luận nào có vai trò quyết định, quan trọng nhất trong việc hình thành tư tưởng Hồ Chí Minh?",Chủ nghĩa Mác - Lênin,Nho giáo,Chủ nghĩa Tam dân,Chủ nghĩa Găngđi,A,"Chủ nghĩa Mác - Lênin là tiền đề lý luận quan trọng nhất, có vai trò quyết định trong việc hình thành tư tưởng Hồ Chí Minh.","GT 2021, tr. 45"
ch2-b1-19,ch2-b1,mot-dap-an,3,"Theo Hồ Chí Minh, chủ nghĩa Mác có ưu điểm gì?",Phương pháp làm việc biện chứng,Sự tu dưỡng đạo đức cá nhân,Lòng nhân ái cao cả,Chính sách phù hợp với điều kiện nước ta,A,Người nhận định: Khổng Tử - tu dưỡng đạo đức cá nhân; Giêsu - lòng nhân ái cao cả; Mác - phương pháp làm việc biện chứng; Tôn Dật Tiên - chính sách phù hợp điều kiện nước ta.,"GT 2021, tr. 45-46"
ch2-b1-20,ch2-b1,dung-sai,2,"Nhận định: Đối với Hồ Chí Minh, chủ nghĩa Mác - Lênin là thế giới quan, phương pháp luận trong nhận thức và hoạt động cách mạng.",,,,,dung,Giáo trình nêu rõ nội dung này khi phân tích vai trò của chủ nghĩa Mác - Lênin.,"GT 2021, tr. 45"
ch2-b1-21,ch2-b1,mot-dap-an,2,Ba nhóm cơ sở hình thành tư tưởng Hồ Chí Minh là gì?,"Cơ sở thực tiễn, cơ sở lý luận, nhân tố chủ quan","Cơ sở kinh tế, cơ sở quân sự, cơ sở văn hóa","Cơ sở địa lý, cơ sở khí hậu, cơ sở dân số","Cơ sở tôn giáo, cơ sở nghệ thuật, cơ sở thể thao",A,"Mục I nêu cơ sở thực tiễn, cơ sở lý luận và nhân tố chủ quan Hồ Chí Minh.","GT 2021, tr. 33-49"
ch2-b1-22,ch2-b1,mot-dap-an,2,"Trước khi trở thành Chủ tịch nước, Hồ Chí Minh đã sống, học tập và hoạt động cách mạng ở khoảng bao nhiêu nước?",Gần 30 nước,Khoảng 5 nước,Khoảng 10 nước,Hơn 100 nước,A,"Giáo trình nêu Người đã sống, học tập và hoạt động cách mạng ở gần 30 nước trên thế giới.","GT 2021, tr. 48"
ch2-b1-23,ch2-b1,dung-sai,2,Nhận định: Hồ Chí Minh tham gia sáng lập Đảng Cộng sản Pháp.,,,,,dung,Giáo trình nêu Người tham gia sáng lập Đảng Cộng sản Pháp và chuẩn bị cho sự ra đời của Đảng Cộng sản Việt Nam.,"GT 2021, tr. 49"
ch2-b1-24,ch2-b1,mot-dap-an,3,"Phẩm chất nào của Hồ Chí Minh được giáo trình nêu là ""suốt đời""?","Tận trung với nước, tận hiếu với dân",Chỉ lo việc riêng,Tránh né thử thách,Chỉ học sách vở,A,"Hồ Chí Minh là người suốt đời tận trung với nước, tận hiếu với dân.","GT 2021, tr. 48"
ch2-b2-01,ch2-b2,mot-dap-an,1,Hồ Chí Minh sinh ngày nào?,19/5/1890,2/9/1890,5/6/1911,3/2/1930,A,Hồ Chí Minh sinh ngày 19/5/1890 ở Nghệ An.,"GT 2021, tr. 50"
ch2-b2-02,ch2-b2,mot-dap-an,2,Lúc nhỏ Hồ Chí Minh có tên là gì?,Nguyễn Sinh Cung,Nguyễn Ái Quốc,Nguyễn Tất Đạt,Nguyễn Sinh Sắc,A,"Hồ Chí Minh lúc nhỏ tên là Nguyễn Sinh Cung, sau đổi thành Nguyễn Tất Thành.","GT 2021, tr. 50"
ch2-b2-03,ch2-b2,mot-dap-an,2,"Cụ Nguyễn Sinh Sắc, thân sinh của Hồ Chí Minh, đỗ học vị nào?",Phó bảng,Trạng nguyên,Bảng nhãn,Thám hoa,A,"Cụ Nguyễn Sinh Sắc đỗ phó bảng, từng được bổ nhiệm chức Tri huyện huyện Bình Khê, tỉnh Bình Định.","GT 2021, tr. 50"
ch2-b2-04,ch2-b2,mot-dap-an,1,Ngày 5/6/1911 diễn ra sự kiện nào?,Nguyễn Tất Thành đi ra nước ngoài tìm con đường cứu nước,Đảng Cộng sản Việt Nam ra đời,Tuyên ngôn độc lập ra đời,Đại hội Tua họp,A,"Ngày 5/6/1911, Hồ Chí Minh đi ra nước ngoài tìm con đường cứu nước, cứu dân.","GT 2021, tr. 52"
ch2-b2-05,ch2-b2,mot-dap-an,3,"Năm 1910, Hồ Chí Minh làm gì ở Phan Thiết?",Thầy giáo ở Trường Dục Thanh,Công nhân đồn điền,Thư ký tòa án,Thợ máy tàu,A,"Người là thầy giáo Trường Dục Thanh, Phan Thiết (năm 1910).","GT 2021, tr. 51"
ch2-b2-06,ch2-b2,mot-dap-an,2,"Ngày 18/6/1919, Nguyễn Ái Quốc gửi văn bản nào tới Hội nghị Vécxây?",Yêu sách của nhân dân An Nam,Bản án chế độ thực dân Pháp,Đường cách mệnh,Con đường giải phóng,A,"Người gửi Yêu sách của nhân dân An Nam tới Hội nghị Vécxây (18/6/1919), đòi quyền tự do, dân chủ cho nhân dân Việt Nam.","GT 2021, tr. 53"
ch2-b2-07,ch2-b2,mot-dap-an,2,Hồ Chí Minh tìm thấy phương hướng giải phóng dân tộc theo con đường cách mạng vô sản khi đọc tài liệu nào của Lênin (tháng 7/1920)?,Sơ thảo lần thứ nhất những luận cương về vấn đề dân tộc và vấn đề thuộc địa,Tuyên ngôn của Đảng Cộng sản,Nhà nước và cách mạng,Làm gì?,A,Người tìm thấy phương hướng qua nghiên cứu Sơ thảo lần thứ nhất những luận cương về vấn đề dân tộc và vấn đề thuộc địa của V.I. Lênin.,"GT 2021, tr. 53"
ch2-b2-08,ch2-b2,mot-dap-an,2,Sự kiện nào đưa Hồ Chí Minh trở thành người cộng sản Việt Nam đầu tiên?,Bỏ phiếu tán thành Quốc tế Cộng sản và tham gia sáng lập Đảng Cộng sản Pháp tại Đại hội Tua (12/1920),Thành lập Hội Liên hiệp thuộc địa,Sáng lập báo Thanh niên,Viết Đường cách mệnh,A,"Tại Đại hội Tua (25 đến 30/12/1920), Người bỏ phiếu tán thành Quốc tế Cộng sản, tham gia sáng lập Đảng Cộng sản Pháp, trở thành người cộng sản Việt Nam đầu tiên.","GT 2021, tr. 53-54"
ch2-b2-09,ch2-b2,sap-xep,3,"Sắp xếp các sự kiện sau theo thứ tự thời gian, từ sớm đến muộn.",Hồ Chí Minh sáng lập Hội Việt Nam Cách mạng Thanh niên (6/1925),Đại hội Tua (12/1920),"Hội nghị hợp nhất, Cương lĩnh chính trị đầu tiên của Đảng (đầu 1930)",Gửi Yêu sách của nhân dân An Nam tới Hội nghị Vécxây (6/1919),"D,B,A,C","Thứ tự: Yêu sách (6/1919), Đại hội Tua (12/1920), Hội Việt Nam Cách mạng Thanh niên (6/1925), Cương lĩnh chính trị đầu tiên (đầu 1930).","GT 2021, tr. 53-56"
ch2-b2-10,ch2-b2,mot-dap-an,2,"Năm 1922, Hồ Chí Minh sáng lập tờ báo nào bằng tiếng Pháp?",Le Paria,Thanh niên,l'Humanité,Nhân dân,A,"Năm 1922, Người sáng lập báo Le Paria bằng tiếng Pháp để thức tỉnh tinh thần giải phóng dân tộc của nhân dân thuộc địa.","GT 2021, tr. 54"
ch2-b2-11,ch2-b2,mot-dap-an,2,"Tác phẩm Bản án chế độ thực dân Pháp được xuất bản lần đầu ở đâu, năm nào?","Pari, năm 1925","Quảng Châu, năm 1927","Hà Nội, năm 1945","Mátxcơva, năm 1934",A,"Tác phẩm viết bằng tiếng Pháp, xuất bản lần đầu tiên ở Pari năm 1925.","GT 2021, tr. 55"
ch2-b2-12,ch2-b2,mot-dap-an,2,Tác phẩm Đường cách mệnh xuất bản năm 1927 ở đâu?,Quảng Châu (Trung Quốc),Pari,Mátxcơva,Hồng Kông,A,"Tác phẩm Đường cách mệnh xuất bản năm 1927 ở Quảng Châu, Trung Quốc.","GT 2021, tr. 56"
ch2-b2-13,ch2-b2,mot-dap-an,2,Tổ chức tiền thân của Đảng Cộng sản do Hồ Chí Minh sáng lập tháng 6/1925 là gì?,Hội Việt Nam Cách mạng Thanh niên,Mặt trận Việt Minh,Hội Liên hiệp thuộc địa,Đảng Xã hội Pháp,A,"Người sáng lập Hội Việt Nam Cách mạng Thanh niên (tháng 6/1925), ra báo Thanh niên bằng tiếng Việt.","GT 2021, tr. 55"
ch2-b2-14,ch2-b2,mot-dap-an,2,Việc thành lập Đảng Cộng sản Việt Nam với Cương lĩnh chính trị đầu tiên đã chấm dứt điều gì?,Cuộc khủng hoảng về đường lối cứu nước và tổ chức lãnh đạo cách mạng Việt Nam,Chiến tranh thế giới,Nạn đói,Sự chia cắt đất nước,A,Việc này chấm dứt cuộc khủng hoảng về đường lối cứu nước và tổ chức lãnh đạo cách mạng kéo dài từ cuối thế kỷ XIX sang đầu năm 1930.,"GT 2021, tr. 57"
ch2-b2-15,ch2-b2,dung-sai,3,Nhận định: Cương lĩnh chính trị đầu tiên của Đảng khẳng định liên minh công nông là lực lượng nòng cốt.,,,,,dung,"Cương lĩnh chính trị đầu tiên khẳng định sự lãnh đạo của Đảng, liên minh công nông là lực lượng nòng cốt, cách mạng Việt Nam là một bộ phận của cách mạng thế giới.","GT 2021, tr. 56"
ch2-b2-16,ch2-b2,mot-dap-an,2,"Trong thời kỳ 1930 - 1941, tư tưởng Hồ Chí Minh trong Cương lĩnh chính trị đầu tiên bị phê phán là gì?","""Hữu khuynh"", ""dân tộc chủ nghĩa""","""Tả khuynh""","""Giáo điều""","""Xét lại""",A,"Tư tưởng của Người bị phê phán, bị coi là ""hữu khuynh"", ""dân tộc chủ nghĩa"".","GT 2021, tr. 57"
ch2-b2-17,ch2-b2,mot-dap-an,2,Hội nghị Trung ương tháng 10/1930 đổi tên Đảng thành tên gì?,Đảng Cộng sản Đông Dương,Đảng Lao động Việt Nam,Đảng Dân chủ,Việt Nam Quốc dân Đảng,A,Hội nghị đổi tên Đảng Cộng sản Việt Nam thành Đảng Cộng sản Đông Dương.,"GT 2021, tr. 58"
ch2-b2-18,ch2-b2,mot-dap-an,2,Hội nghị Ban Chấp hành Trung ương tháng 5/1941 do Hồ Chí Minh chủ trì họp ở đâu?,"Pác Bó (Hà Quảng, Cao Bằng)",Ba Đình (Hà Nội),Quảng Châu,Tua,A,"Tháng 5/1941, tại Pác Bó (huyện Hà Quảng, tỉnh Cao Bằng), Người chủ trì Hội nghị Ban Chấp hành Trung ương Đảng.","GT 2021, tr. 59"
ch2-b2-19,ch2-b2,mot-dap-an,2,Hội nghị Trung ương tháng 5/1941 đặt nhiệm vụ nào lên hàng đầu?,Giải phóng dân tộc,Cách mạng ruộng đất,Xây dựng chủ nghĩa xã hội,Cải cách giáo dục,A,"Hội nghị đặt nhiệm vụ giải phóng dân tộc lên hàng đầu: ""quyền lợi dân tộc giải phóng cao hơn hết thảy"".","GT 2021, tr. 59"
ch2-b2-20,ch2-b2,sap-xep,3,"Sắp xếp các sự kiện sau theo thứ tự thời gian, từ sớm đến muộn.",Người ra Lời kêu gọi toàn quốc kháng chiến (19/12/1946),Hội nghị Trung ương ở Pác Bó (5/1941),Người đọc Tuyên ngôn độc lập (2/9/1945),Người ra Lời kêu gọi Tổng khởi nghĩa (18/8/1945),"B,D,C,A","Thứ tự: Pác Bó (5/1941), Lời kêu gọi Tổng khởi nghĩa (18/8/1945), Tuyên ngôn độc lập (2/9/1945), Lời kêu gọi toàn quốc kháng chiến (19/12/1946).","GT 2021, tr. 59-63"
ch2-b2-21,ch2-b2,mot-dap-an,2,Cách mạng Tháng Tám năm 1945 lật đổ ách thống trị của thực dân Pháp trong bao lâu?,Hơn 80 năm,Hơn 10 năm,Hơn 30 năm,Hơn 200 năm,A,Cách mạng Tháng Tám lật đổ chế độ phong kiến hơn nghìn năm và ách thống trị của thực dân Pháp hơn 80 năm.,"GT 2021, tr. 61"
ch2-b2-22,ch2-b2,mot-dap-an,2,Đường lối kháng chiến chống thực dân Pháp do Đảng đề ra là gì?,"Lâu dài, toàn dân, toàn diện, tự lực cánh sinh","Ngắn ngày, quân đội chính quy",Chỉ dựa vào viện trợ nước ngoài,Chỉ đấu tranh ngoại giao,A,"Đảng đề ra đường lối kháng chiến lâu dài, toàn dân, toàn diện, tự lực cánh sinh.","GT 2021, tr. 62"
ch2-b2-23,ch2-b2,mot-dap-an,2,"Từ 1954 đến 1969, Hồ Chí Minh xác định hai nhiệm vụ chiến lược nào cùng một lúc?",Xây dựng chủ nghĩa xã hội ở miền Bắc; tiếp tục cách mạng dân tộc dân chủ nhân dân ở miền Nam,Xây dựng chủ nghĩa xã hội ở miền Nam; giải phóng miền Bắc,Chỉ kháng chiến ở miền Nam,Chỉ xây dựng kinh tế,A,Người xác định đường lối cùng một lúc thi hành hai nhiệm vụ chiến lược nêu trên.,"GT 2021, tr. 63"
ch2-b2-24,ch2-b2,mot-dap-an,1,"Ngày 17/7/1966, Hồ Chí Minh nêu chân lý lớn nào của thời đại?","Không có gì quý hơn độc lập, tự do",Dân là gốc của nước,"Đoàn kết, đoàn kết, đại đoàn kết",Học đi đôi với hành,A,"Ngày 17/7/1966, Người ra Lời kêu gọi đồng bào và chiến sĩ cả nước, nêu chân lý: Không có gì quý hơn độc lập, tự do.","GT 2021, tr. 64"
ch2-b2-25,ch2-b2,dung-sai,2,"Nhận định: Trước khi đi xa, Hồ Chí Minh để lại bản Di chúc.",,,,,dung,"Giáo trình nêu Người để lại Di chúc, một văn kiện lịch sử vô giá kết tinh tư tưởng, trí tuệ, tâm hồn, đạo đức, phong cách của Người.","GT 2021, tr. 64"
ch2-b3-01,ch2-b3,mot-dap-an,1,Tư tưởng Hồ Chí Minh đã mở ra kỷ nguyên nào trong lịch sử dân tộc Việt Nam?,Kỷ nguyên độc lập dân tộc và chủ nghĩa xã hội,Kỷ nguyên phong kiến,Kỷ nguyên thuộc địa,Kỷ nguyên tư bản tự do,A,Hồ Chí Minh đã mở ra một kỷ nguyên mới: kỷ nguyên độc lập dân tộc và chủ nghĩa xã hội.,"GT 2021, tr. 65"
ch2-b3-02,ch2-b3,dung-sai,2,"Nhận định: Tư tưởng Hồ Chí Minh là một hệ thống mở đầy sức sống, được Đảng tiếp tục vận dụng sáng tạo, bổ sung, phát triển.",,,,,dung,Giáo trình nêu tư tưởng Hồ Chí Minh là một hệ thống mở đầy sức sống.,"GT 2021, tr. 66"
ch2-b3-03,ch2-b3,mot-dap-an,2,Điểm mới lần đầu tiên trong lịch sử tư tưởng Việt Nam về tư tưởng Hồ Chí Minh là gì?,"Tư tưởng định hướng, soi đường phát triển cách mạng và dân tộc là của chính người dân Việt Nam",Tư tưởng do người nước ngoài viết,Tư tưởng chỉ dành cho một tầng lớp,Tư tưởng chỉ có ở miền Bắc,A,"Lần đầu tiên tư tưởng định hướng, soi đường, chỉ đạo sự phát triển của cách mạng và dân tộc Việt Nam là của chính người dân Việt Nam.","GT 2021, tr. 66"
ch2-b3-04,ch2-b3,mot-dap-an,2,"Mục tiêu ""dân giàu, nước mạnh, dân chủ, công bằng, văn minh"" được tư tưởng Hồ Chí Minh tiếp tục làm gì?",Soi đường,Thay thế,Bãi bỏ,Đảo ngược,A,"Tư tưởng Hồ Chí Minh tiếp tục soi đường cho Đảng và nhân dân trên con đường thực hiện mục tiêu dân giàu, nước mạnh, dân chủ, công bằng, văn minh.","GT 2021, tr. 66"
ch2-b3-05,ch2-b3,mot-dap-an,2,Cống hiến lý luận lớn đầu tiên của Hồ Chí Minh là về vấn đề gì?,Cách mạng giải phóng dân tộc,Kinh tế thị trường,Nghệ thuật,Khoa học tự nhiên,A,Cống hiến lý luận lớn đầu tiên của Hồ Chí Minh là về cách mạng giải phóng dân tộc.,"GT 2021, tr. 68"
ch2-b3-06,ch2-b3,mot-dap-an,2,"Theo Hồ Chí Minh, cách mạng giải phóng dân tộc muốn thắng lợi triệt để phải đi theo con đường nào?",Cách mạng vô sản,Cải cách tư sản,Bảo hoàng,Trung lập,A,Cách mạng giải phóng dân tộc muốn giành thắng lợi triệt để phải đi theo con đường cách mạng vô sản.,"GT 2021, tr. 68"
ch2-b3-07,ch2-b3,mot-dap-an,3,Lực lượng nòng cốt của cách mạng giải phóng dân tộc theo tư tưởng Hồ Chí Minh là gì?,Liên minh công nông,Liên minh tư sản - địa chủ,Chỉ giai cấp công nhân,Chỉ giai cấp nông dân,A,"Cách mạng do toàn thể nhân dân tiến hành, với nòng cốt liên minh công nông dưới sự lãnh đạo của Đảng Cộng sản.","GT 2021, tr. 68"
ch2-b3-08,ch2-b3,dung-sai,3,"Nhận định: Theo Hồ Chí Minh, cách mạng giải phóng dân tộc có thể thắng lợi trước cách mạng vô sản ở chính quốc.",,,,,dung,"Giáo trình nêu cách mạng giải phóng dân tộc cần tiến hành chủ động, sáng tạo, có thể thắng lợi trước cách mạng vô sản ở chính quốc.","GT 2021, tr. 68"
ch2-b3-09,ch2-b3,mot-dap-an,2,"Cách mạng giải phóng dân tộc theo Hồ Chí Minh tiến hành bằng con đường bạo lực, tức là kết hợp những hình thức đấu tranh nào?",Đấu tranh chính trị của quần chúng với đấu tranh vũ trang,Chỉ đấu tranh vũ trang,Chỉ đấu tranh ngoại giao,Chỉ đấu tranh kinh tế,A,Bằng con đường bạo lực: kết hợp đấu tranh chính trị của quần chúng với đấu tranh vũ trang.,"GT 2021, tr. 68"
ch2-b3-10,ch2-b3,mot-dap-an,2,Hồ Chí Minh được thế giới tôn vinh là gì trong thời đại ngày nay?,Anh hùng giải phóng dân tộc,Nhà buôn quốc tế,Nhà thám hiểm,Nhà kỹ thuật,A,Giáo trình nêu Người được thế giới tôn vinh là Anh hùng giải phóng dân tộc trong thời đại ngày nay.,"GT 2021, tr. 69"
ch2-b3-11,ch2-b3,mot-dap-an,2,Hồ Chí Minh là người Việt Nam đầu tiên khẳng định điều gì là xu thế tất yếu của thời đại?,Hợp tác quốc tế,Chiến tranh giữa các nước,Bế quan tỏa cảng,Cô lập,A,Hồ Chí Minh là người Việt Nam đầu tiên khẳng định hợp tác quốc tế là xu thế tất yếu của thời đại.,"GT 2021, tr. 69"
ch2-b3-12,ch2-b3,mot-dap-an,2,Chính sách nào của thực dân bị Hồ Chí Minh chỉ ra và cần chống lại bằng sự hợp tác của các dân tộc nhỏ yếu bị áp bức?,"Chính sách ""chia để trị""","Chính sách ""đóng cửa""","Chính sách ""nhân nhượng""","Chính sách ""tự do thương mại""",A,"Người chỉ ra sự hợp tác giữa các dân tộc nhỏ yếu, bị áp bức tạo nên sức mạnh chống đế quốc, thực dân, chống chính sách ""chia để trị"".","GT 2021, tr. 69"
ch2-b3-13,ch2-b3,mot-dap-an,2,Nội dung lớn nào trong tư tưởng Hồ Chí Minh về đối ngoại được giáo trình trích dẫn?,Làm bạn với tất cả mọi nước dân chủ và không gây thù oán với một ai,Chỉ làm bạn với nước lớn,Không hợp tác với nước nào,Chống lại mọi tổ chức quốc tế,A,"Đó là: ""Làm bạn với tất cả mọi nước dân chủ và không gây thù oán với một ai"".","GT 2021, tr. 70"
ch2-b3-14,ch2-b3,dung-sai,2,"Nhận định: Theo Hồ Chí Minh, hợp tác quốc tế chỉ nhằm giành độc lập dân tộc, không liên quan việc xóa bỏ nghèo nàn, lạc hậu.",,,,,sai,"Giáo trình nêu hợp tác quốc tế không chỉ để giành độc lập dân tộc mà còn để xóa bỏ nghèo nàn, lạc hậu, tiến kịp các nước tiên tiến.","GT 2021, tr. 70"
ch2-b3-15,ch2-b3,mot-dap-an,2,"Đại hội nào của Đảng, khi tổng kết 86 năm hoạt động, khẳng định Hồ Chí Minh là ""Danh nhân văn hóa thế giới""?",Đại hội đại biểu toàn quốc lần thứ XII,Đại hội II,Đại hội IV,Đại hội VII,A,"Tại Đại hội lần thứ XII, tổng kết 86 năm hoạt động, Đảng khẳng định như vậy.","GT 2021, tr. 71"
ch2-b3-16,ch2-b3,mot-dap-an,3,"Nghiên cứu, học tập tư tưởng Hồ Chí Minh cần góp phần làm cho tư tưởng, đạo đức, phong cách Hồ Chí Minh trở thành gì?",Một bộ phận cấu thành nền tảng tinh thần vững chắc của xã hội Việt Nam hiện đại,Một môn học tự chọn,Một tài liệu lưu trữ,Một nội dung chỉ để nghiên cứu,A,Đó là yêu cầu được giáo trình nêu ở cuối phần giá trị tư tưởng Hồ Chí Minh.,"GT 2021, tr. 71"
ch2-ex-01,ch2,mot-dap-an,2,Điều mong muốn cuối cùng của Hồ Chí Minh trong Di chúc là gì?,"Toàn Đảng, toàn dân đoàn kết phấn đấu, xây dựng một nước Việt Nam hòa bình, thống nhất, độc lập, dân chủ và giàu mạnh",Xây dựng quân đội mạnh nhất,Xóa bỏ mọi khác biệt,Mở rộng lãnh thổ,A,Đây là điều mong muốn cuối cùng của Người được giáo trình trích dẫn.,"GT 2021, tr. 64"
ch2-ex-02,ch2,mot-dap-an,2,"Thời kỳ nào Hồ Chí Minh được giáo trình mô tả là hình thành tư tưởng cứu nước, giải phóng dân tộc theo con đường cách mạng vô sản?",1911 - 1920,Trước 1911,1930 - 1941,1941 - 1969,A,"Thời kỳ 1911 - 1920: hình thành tư tưởng cứu nước, giải phóng dân tộc Việt Nam theo con đường cách mạng vô sản.","GT 2021, tr. 52"
ch2-ex-03,ch2,mot-dap-an,2,Giáo trình chia quá trình hình thành và phát triển tư tưởng Hồ Chí Minh thành mấy thời kỳ?,Năm,Ba,Bảy,Mười,A,Đó là: trước 1911; 1911-1920; 1920-1930; 1930-1941; 1941-1969.,"GT 2021, tr. 50-64"
ch2-ex-04,ch2,dung-sai,2,Nhận định: Người mẹ của Hồ Chí Minh là cụ Hoàng Thị Loan.,,,,,dung,Hồ Chí Minh chịu ảnh hưởng tình cảm của người mẹ là cụ Hoàng Thị Loan.,"GT 2021, tr. 51"
ch3-b1-01,ch3-b1,mot-dap-an,2,Bản Yêu sách của nhân dân An Nam gửi tới Hội nghị Vécxây gồm bao nhiêu điểm?,8 điểm,3 điểm,12 điểm,20 điểm,A,Giáo trình nêu bản Yêu sách của nhân dân An Nam bao gồm 8 điểm.,"GT 2021, tr. 74"
ch3-b1-02,ch3-b1,mot-dap-an,2,Hai nội dung chính của Yêu sách của nhân dân An Nam là gì?,"Quyền bình đẳng về mặt pháp lý và các quyền tự do, dân chủ của người dân Đông Dương",Quyền tự trị hoàn toàn và quyền buôn bán,Quyền chọn vua và quyền thu thuế,Quyền có quân đội và quyền phát hành tiền,A,"Yêu sách có hai nội dung chính là đòi quyền bình đẳng về mặt pháp lý và đòi các quyền tự do, dân chủ của người dân Đông Dương.","GT 2021, tr. 74"
ch3-b1-03,ch3-b1,dung-sai,1,Nhận định: Bản Yêu sách của nhân dân An Nam đã được Hội nghị Vécxây chấp nhận.,,,,,sai,"Bản yêu sách không được Hội nghị chấp nhận, nhưng cho thấy tư tưởng Hồ Chí Minh về quyền các dân tộc thuộc địa đã hình thành.","GT 2021, tr. 74"
ch3-b1-04,ch3-b1,mot-dap-an,2,Mục tiêu chính trị của Đảng trong Chánh cương vắn tắt (năm 1930) là gì?,Đánh đổ đế quốc chủ nghĩa Pháp và bọn phong kiến; làm cho nước Nam được hoàn toàn độc lập,Thành lập chính phủ liên bang,Xây dựng nền kinh tế thị trường,Thu hồi lãnh thổ bằng thương lượng,A,Chánh cương vắn tắt xác định hai mục tiêu nêu trên.,"GT 2021, tr. 75"
ch3-b1-05,ch3-b1,mot-dap-an,1,"Câu ""Chúng ta thà hy sinh tất cả, chứ nhất định không chịu mất nước, nhất định không chịu làm nô lệ"" nằm trong văn kiện nào?",Lời kêu gọi toàn quốc kháng chiến (19/12/1946),Tuyên ngôn độc lập (1945),Di chúc,Đường cách mệnh,A,Đó là lời hiệu triệu trong Lời kêu gọi toàn quốc kháng chiến ngày 19/12/1946.,"GT 2021, tr. 75-76"
ch3-b1-06,ch3-b1,mot-dap-an,1,Hồ Chí Minh nêu chân lý thời đại nào trong hoàn cảnh đế quốc Mỹ mở rộng chiến tranh ở Việt Nam?,"Không có gì quý hơn độc lập, tự do","Dĩ bất biến, ứng vạn biến",Dân là gốc của nước,Học đi đôi với hành,A,"Người nêu chân lý: ""Không có gì quý hơn độc lập, tự do"".","GT 2021, tr. 76"
ch3-b1-07,ch3-b1,dung-sai,2,Nhận định: Hiệp định Pari buộc Mỹ cam kết tôn trọng các quyền dân tộc cơ bản của nhân dân Việt Nam và rút quân về nước.,,,,,dung,"Giáo trình nêu nhân dân Việt Nam đánh thắng Mỹ, buộc chúng ký Hiệp định Pari, cam kết tôn trọng các quyền dân tộc cơ bản và rút quân Mỹ về nước.","GT 2021, tr. 76"
ch3-b1-08,ch3-b1,mot-dap-an,2,Hồ Chí Minh đánh giá cao học thuyết nào của Tôn Trung Sơn về độc lập và tự do?,"Học thuyết ""Tam dân""","Học thuyết ""Bác ái""","Học thuyết ""Nhân trị""","Học thuyết ""Vô vi""",A,"Người đánh giá cao học thuyết Tam dân: dân tộc độc lập, dân quyền tự do, dân sinh hạnh phúc.","GT 2021, tr. 76"
ch3-b1-09,ch3-b1,mot-dap-an,2,"Theo Hồ Chí Minh, nếu nước độc lập mà dân không hưởng hạnh phúc, tự do thì độc lập ấy thế nào?",Cũng chẳng có nghĩa lý gì,Vẫn là trọn vẹn,Chỉ cần đủ quân đội,Chỉ cần đủ ngoại giao,A,"Người nói: ""Nước độc lập mà dân không hưởng hạnh phúc tự do, thì độc lập cũng chẳng có nghĩa lý gì"".","GT 2021, tr. 77"
ch3-b1-10,ch3-b1,sap-xep,2,Sắp xếp bốn việc Hồ Chí Minh yêu cầu phải thực hiện ngay sau Cách mạng Tháng Tám năm 1945 theo thứ tự trong giáo trình.,Làm cho dân có chỗ ở,Làm cho dân có học hành,Làm cho dân có ăn,Làm cho dân có mặc,"C,D,A,B","Thứ tự trong giáo trình: có ăn, có mặc, có chỗ ở, có học hành.","GT 2021, tr. 77"
ch3-b1-11,ch3-b1,mot-dap-an,3,"Theo Hồ Chí Minh, độc lập mà người dân không có điều gì thì độc lập đó chẳng có ý nghĩa?","Quyền tự quyết về ngoại giao, quân đội riêng, nền tài chính riêng",Quyền chọn tên nước,Quyền đặt tên đường phố,Quyền chọn quốc kỳ nước ngoài,A,"Người nhấn mạnh: độc lập mà người dân không có quyền tự quyết về ngoại giao, không có quân đội riêng, không có nền tài chính riêng thì chẳng có ý nghĩa gì.","GT 2021, tr. 78"
ch3-b1-12,ch3-b1,mot-dap-an,2,Thực dân Pháp khi xâm lược đã chia đất nước ta ra thành mấy kỳ?,Ba kỳ,Hai kỳ,Bốn kỳ,Năm kỳ,A,"Thực dân Pháp chia đất nước ta ra ba kỳ, mỗi kỳ có chế độ cai trị riêng.","GT 2021, tr. 79"
ch3-b1-13,ch3-b1,mot-dap-an,2,"Câu ""Sông có thể cạn, núi có thể mòn, song chân lý đó không bao giờ thay đổi"" nằm trong văn bản nào?",Thư gửi đồng bào Nam Bộ (năm 1946),Di chúc,Tuyên ngôn độc lập,Chánh cương vắn tắt,A,Đó là lời khẳng định trong Thư gửi đồng bào Nam Bộ: đồng bào Nam Bộ là dân nước Việt Nam.,"GT 2021, tr. 79"
ch3-b1-14,ch3-b1,mot-dap-an,2,"Tháng 2/1958, Hồ Chí Minh khẳng định điều gì?","Nước Việt Nam là một, dân tộc Việt Nam là một","Không có gì quý hơn độc lập, tự do",Dân là gốc của nước,Đoàn kết là sức mạnh,A,"Tháng 2/1958, Người khẳng định: ""Nước Việt Nam là một, dân tộc Việt Nam là một"".","GT 2021, tr. 79"
ch3-b1-15,ch3-b1,dung-sai,1,"Nhận định: Hồ Chí Minh chọn con đường cách mạng tư sản như cách mạng Pháp, cách mạng Mỹ.",,,,,sai,Người quyết định không chọn con đường cách mạng tư sản vì cho đó là cách mệnh không đến nơi.,"GT 2021, tr. 80-81"
ch3-b1-16,ch3-b1,mot-dap-an,2,"""Muốn cứu nước và giải phóng dân tộc không có con đường nào khác con đường cách mạng vô sản"" — Người tìm thấy con đường này sau khi đọc tài liệu nào?",Sơ thảo lần thứ nhất những luận cương về vấn đề dân tộc và vấn đề thuộc địa của V.I. Lênin,Bản án chế độ thực dân Pháp,Chánh cương vắn tắt,Đường cách mệnh,A,"Năm 1920, sau khi đọc luận cương của Lênin, Người tìm thấy con đường cứu nước là con đường cách mạng vô sản.","GT 2021, tr. 81"
ch3-b1-17,ch3-b1,sap-xep,3,Sắp xếp các giai đoạn giải phóng theo tư tưởng Hồ Chí Minh đối với Việt Nam và các nước thuộc địa.,Giải phóng con người,Giải phóng dân tộc,Giải phóng giai cấp,Giải phóng xã hội,"B,D,C,A",Theo Hồ Chí Minh: giải phóng dân tộc - giải phóng xã hội - giải phóng giai cấp - giải phóng con người.,"GT 2021, tr. 82"
ch3-b1-18,ch3-b1,mot-dap-an,2,"Trong Đường cách mệnh, Hồ Chí Minh đặt vấn đề cách mệnh trước hết phải có gì?",Đảng cách mệnh,Quân đội mạnh,Vũ khí hiện đại,Đồng minh quốc tế,A,Người viết: cách mệnh trước hết phải có đảng cách mệnh; đảng có vững cách mệnh mới thành công.,"GT 2021, tr. 84"
ch3-b1-19,ch3-b1,mot-dap-an,3,"Trong Báo cáo chính trị tại Đại hội II (1951), Hồ Chí Minh viết Đảng Lao động Việt Nam là Đảng của những ai?","Giai cấp công nhân, nhân dân lao động và dân tộc Việt Nam",Chỉ giai cấp công nhân,Chỉ nông dân,Chỉ trí thức,A,"Chính vì Đảng là Đảng của giai cấp công nhân và nhân dân lao động, cho nên nó phải là Đảng của dân tộc Việt Nam.","GT 2021, tr. 84"
ch3-b1-20,ch3-b1,mot-dap-an,2,Đại hội VI Quốc tế Cộng sản (1928) cho rằng chỉ có thể giải phóng hoàn toàn thuộc địa khi nào?,Khi giai cấp vô sản giành thắng lợi ở các nước tư bản tiên tiến,Khi thuộc địa có quân đội mạnh,Khi thuộc địa có nhiều tài nguyên,Khi thuộc địa mở cửa thương mại,A,"Quan điểm này làm giảm tính chủ động, sáng tạo của nhân dân thuộc địa.","GT 2021, tr. 87"
ch3-b1-21,ch3-b1,mot-dap-an,2,"Trong Bản án chế độ thực dân Pháp, Hồ Chí Minh ví chủ nghĩa tư bản như con vật nào có hai cái vòi?",Con đỉa,Con rắn,Con hổ,Con sâu,A,Người viết: chủ nghĩa tư bản là một con đỉa có một cái vòi bám vào giai cấp vô sản ở chính quốc và một cái vòi khác bám vào thuộc địa.,"GT 2021, tr. 88"
ch3-b1-22,ch3-b1,dung-sai,3,"Nhận định: Theo Hồ Chí Minh, cách mạng thuộc địa có thể giành thắng lợi trước cách mạng vô sản ở chính quốc.",,,,,dung,Người cho rằng cách mạng thuộc địa không những không phụ thuộc vào cách mạng vô sản ở chính quốc mà có thể giành thắng lợi trước.,"GT 2021, tr. 88"
ch3-b1-23,ch3-b1,mot-dap-an,2,Hồ Chí Minh vận dụng sáng tạo quan điểm bạo lực cách mạng như thế nào?,"Dùng bạo lực cách mạng chống lại bạo lực phản cách mạng, giành và bảo vệ chính quyền",Dùng bạo lực để mở rộng lãnh thổ,Chỉ dùng thương lượng,Từ chối mọi hình thức đấu tranh,A,"Người viết: cần dùng bạo lực cách mạng chống lại bạo lực phản cách mạng, giành lấy chính quyền và bảo vệ chính quyền.","GT 2021, tr. 91"
ch3-b1-24,ch3-b1,mot-dap-an,2,Bạo lực cách mạng theo Hồ Chí Minh gồm hai hình thức đấu tranh nào?,Đấu tranh chính trị và đấu tranh vũ trang,Đấu tranh kinh tế và đấu tranh văn hóa,Đấu tranh tôn giáo và đấu tranh dân tộc,Đấu tranh ngoại giao và đấu tranh thể thao,A,"Bạo lực cách mạng có hai lực lượng (chính trị, quân sự) và hai hình thức đấu tranh (chính trị, vũ trang).","GT 2021, tr. 91-92"
ch3-b2-01,ch3-b2,mot-dap-an,1,"Theo Hồ Chí Minh, chủ nghĩa xã hội trước hết nhằm làm gì?","Làm cho nhân dân lao động thoát nạn bần cùng, có công ăn việc làm, ấm no và hạnh phúc",Mở rộng lãnh thổ,Tăng thu ngân sách,Phát triển quân sự,A,"Người nói: chủ nghĩa xã hội trước hết nhằm làm cho nhân dân lao động thoát nạn bần cùng, có công ăn việc làm, được ấm no và sống một đời hạnh phúc.","GT 2021, tr. 93"
ch3-b2-02,ch3-b2,mot-dap-an,2,Chủ nghĩa cộng sản có mấy giai đoạn theo Hồ Chí Minh?,"Hai giai đoạn: thấp là chủ nghĩa xã hội, cao là chủ nghĩa cộng sản",Một giai đoạn,Ba giai đoạn,Bốn giai đoạn,A,"Chủ nghĩa cộng sản có hai giai đoạn: giai đoạn thấp là chủ nghĩa xã hội, giai đoạn cao là chủ nghĩa cộng sản.","GT 2021, tr. 93-94"
ch3-b2-03,ch3-b2,mot-dap-an,2,Điểm khác nhau giữa chủ nghĩa xã hội và chủ nghĩa cộng sản theo Hồ Chí Minh là gì?,Chủ nghĩa xã hội vẫn còn chút ít vết tích xã hội cũ,Chủ nghĩa xã hội còn giai cấp bóc lột,Chủ nghĩa xã hội chưa có sức sản xuất,Chủ nghĩa xã hội không có tư liệu sản xuất,A,Xã hội cộng sản hoàn toàn không còn vết tích xã hội cũ.,"GT 2021, tr. 94"
ch3-b2-04,ch3-b2,mot-dap-an,2,"Năm 1953, Hồ Chí Minh nhận thấy nước nào đi thẳng lên chủ nghĩa xã hội?",Liên Xô,Việt Nam,Trung Quốc,Các nước Đông Âu,A,"Người nêu: có nước đi thẳng đến chủ nghĩa xã hội như Liên Xô; có nước kinh qua chế độ dân chủ mới như các nước Đông Âu, Trung Quốc, Việt Nam.","GT 2021, tr. 95"
ch3-b2-05,ch3-b2,mot-dap-an,3,"""Chế độ dân chủ mới"" theo Hồ Chí Minh là chế độ như thế nào?","Dưới sự lãnh đạo của Đảng và giai cấp công nhân, nhân dân đã đánh đổ đế quốc và phong kiến, trên nền tảng công nông liên minh",Chế độ của giai cấp tư sản,Chế độ phong kiến cải cách,Chế độ thuộc địa,A,Đó là định nghĩa được giáo trình nêu.,"GT 2021, tr. 95"
ch3-b2-06,ch3-b2,mot-dap-an,2,Đặc trưng chính trị của xã hội xã hội chủ nghĩa là gì?,Xã hội do nhân dân làm chủ,Xã hội do một dòng họ cai trị,Xã hội do doanh nghiệp lãnh đạo,Xã hội không có nhà nước,A,"Xã hội xã hội chủ nghĩa trước hết là xã hội do nhân dân làm chủ, dưới sự lãnh đạo của đảng cộng sản trên nền tảng liên minh công - nông.","GT 2021, tr. 97"
ch3-b2-07,ch3-b2,mot-dap-an,2,Đặc trưng kinh tế của xã hội xã hội chủ nghĩa là gì?,Kinh tế phát triển cao dựa trên lực lượng sản xuất hiện đại và chế độ công hữu về tư liệu sản xuất chủ yếu,Kinh tế tự cung tự cấp,Kinh tế dựa hoàn toàn vào tư nhân,Kinh tế săn bắt hái lượm,A,Đó là đặc trưng thứ hai về kinh tế.,"GT 2021, tr. 98"
ch3-b2-08,ch3-b2,mot-dap-an,2,Nguyên tắc phân phối trong xã hội xã hội chủ nghĩa theo giáo trình là gì?,"Làm nhiều hưởng nhiều, làm ít hưởng ít, không làm thì không hưởng",Chia đều cho mọi người dù làm hay không,Ai giàu hưởng nhiều,Người ít làm hưởng nhiều,A,Trừ những người chưa có khả năng lao động hoặc không còn khả năng lao động.,"GT 2021, tr. 99-100"
ch3-b2-09,ch3-b2,mot-dap-an,2,Chủ thể xây dựng chủ nghĩa xã hội theo Hồ Chí Minh là ai?,Nhân dân dưới sự lãnh đạo của Đảng Cộng sản,Chỉ các nhà khoa học,Chỉ quân đội,Chỉ doanh nghiệp,A,Chủ nghĩa xã hội là công trình tập thể của nhân dân dưới sự lãnh đạo của Đảng Cộng sản.,"GT 2021, tr. 100"
ch3-b2-10,ch3-b2,dung-sai,1,"Nhận định: Hồ Chí Minh nói ""Chế độ ta là chế độ dân chủ. Tức là nhân dân làm chủ"".",,,,,dung,Đây là lời Người về mục tiêu chính trị của chủ nghĩa xã hội ở Việt Nam.,"GT 2021, tr. 101"
ch3-b2-11,ch3-b2,mot-dap-an,2,Mục tiêu về kinh tế của chủ nghĩa xã hội ở Việt Nam là nền kinh tế như thế nào?,"Phát triển cao với công nghiệp và nông nghiệp hiện đại, khoa học và kỹ thuật tiên tiến",Chỉ nông nghiệp truyền thống,Chỉ thương mại,Chỉ khai khoáng,A,"Người xác định đây phải là nền kinh tế phát triển cao với công nghiệp và nông nghiệp hiện đại, khoa học và kỹ thuật tiên tiến.","GT 2021, tr. 102"
ch3-b2-12,ch3-b2,mot-dap-an,2,Nền văn hóa Việt Nam cần xây dựng có tính chất gì theo Hồ Chí Minh?,"Dân tộc, khoa học và đại chúng","Cổ điển, khép kín, tinh hoa","Ngoại lai, thương mại, thời thượng","Vùng miền, địa phương, khép kín",A,"Xây dựng nền văn hóa Việt Nam có tính chất dân tộc, khoa học và đại chúng.","GT 2021, tr. 103"
ch3-b2-13,ch3-b2,mot-dap-an,2,Câu tục ngữ nào Hồ Chí Minh dẫn để nói kinh tế phải đi trước văn hóa?,Có thực mới vực được đạo,Một cây làm chẳng nên non,Lá lành đùm lá rách,Uống nước nhớ nguồn,A,"Người nói: ""Có thực mới vực được đạo; vì thế kinh tế phải đi trước"".","GT 2021, tr. 102-103"
ch3-b2-14,ch3-b2,mot-dap-an,2,Giữ vai trò quyết định trong hệ thống động lực của chủ nghĩa xã hội là gì?,"Nội lực dân tộc, là nhân dân",Ngoại lực,Vốn nước ngoài,Công nghệ nhập khẩu,A,"Tất cả các động lực đều quan trọng nhưng giữ vai trò quyết định là nội lực dân tộc, là nhân dân.","GT 2021, tr. 104"
ch3-b2-15,ch3-b2,mot-dap-an,2,Ba động lực hàng đầu của chủ nghĩa xã hội trong tư tưởng Hồ Chí Minh là gì?,"Lợi ích của dân, dân chủ của dân, sức mạnh đoàn kết toàn dân","Vốn, công nghệ, thị trường","Quân sự, ngoại giao, tài chính","Tôn giáo, phong tục, ngôn ngữ",A,Đây là những động lực hàng đầu theo giáo trình.,"GT 2021, tr. 105"
ch3-b2-16,ch3-b2,mot-dap-an,2,Hồ Chí Minh ví Đảng như gì?,"Người cầm lái, có vững thì thuyền mới chạy",Người gác cổng,Người thu thuế,Người dẫn đường quân sự,A,"Theo Hồ Chí Minh, Đảng như người cầm lái, người cầm lái có vững thì thuyền mới chạy.","GT 2021, tr. 106"
ch3-b2-17,ch3-b2,mot-dap-an,1,"Muốn xây dựng chủ nghĩa xã hội, trước hết cần có gì theo Hồ Chí Minh?",Những con người xã hội chủ nghĩa,Nhiều vốn nước ngoài,Nhiều máy móc,Nhiều đất đai,A,"Người khẳng định: muốn xây dựng chủ nghĩa xã hội, trước hết cần có những con người xã hội chủ nghĩa.","GT 2021, tr. 107"
ch3-b2-18,ch3-b2,mot-dap-an,2,"Tư tưởng, tác phong xấu nào cần chống theo Hồ Chí Minh?","Chủ nghĩa cá nhân; quan liêu, mệnh lệnh; tham ô, lãng phí; bảo thủ, rụt rè",Cần cù; tiết kiệm; đoàn kết,Sáng tạo; năng động,Dũng cảm; kỷ luật,A,"Đó là những tư tưởng, tác phong xấu Người nêu tại Hội nghị bồi dưỡng cán bộ lãnh đạo năm 1961.","GT 2021, tr. 107"
ch3-b2-19,ch3-b2,mot-dap-an,2,Tính chất của thời kỳ quá độ lên chủ nghĩa xã hội ở Việt Nam theo Hồ Chí Minh là gì?,"Cải biến sâu sắc nhất nhưng phức tạp, lâu dài, khó khăn, gian khổ",Ngắn gọn và dễ dàng,Chỉ cần vài năm,Không có khó khăn,A,"Thời kỳ quá độ là thời kỳ cải biến xã hội cũ thành xã hội mới, thậm chí khó khăn hơn cả việc đánh giặc.","GT 2021, tr. 108"
ch3-b2-20,ch3-b2,mot-dap-an,2,Đặc điểm to nhất của thời kỳ quá độ ở Việt Nam là gì?,"Từ một nước nông nghiệp lạc hậu tiến thẳng lên chủ nghĩa xã hội, không kinh qua giai đoạn tư bản chủ nghĩa",Đi qua đầy đủ giai đoạn tư bản chủ nghĩa,Từ công nghiệp phát triển lên chủ nghĩa xã hội,Không có đặc điểm riêng,A,Đây là đặc điểm to nhất của ta trong thời kỳ quá độ.,"GT 2021, tr. 109"
ch3-b2-21,ch3-b2,mot-dap-an,3,"Trong nhiệm vụ kinh tế của thời kỳ quá độ, giữa cải tạo và xây dựng thì nhiệm vụ nào là chủ chốt và lâu dài?",Xây dựng,Cải tạo,Phá bỏ,Sao chép,A,Giữa cải tạo và xây dựng thì xây dựng là nhiệm vụ chủ chốt và lâu dài.,"GT 2021, tr. 110"
ch3-b2-22,ch3-b2,sap-xep,3,Sắp xếp bốn nguyên tắc xây dựng chủ nghĩa xã hội trong thời kỳ quá độ theo thứ tự trong giáo trình.,Xây phải đi đôi với chống,Phải giữ vững độc lập dân tộc,"Mọi tư tưởng, hành động trên nền tảng chủ nghĩa Mác - Lênin","Phải đoàn kết, học tập kinh nghiệm các nước anh em","C,B,D,A","Thứ tự: nền tảng Mác - Lênin; giữ vững độc lập dân tộc; đoàn kết, học tập kinh nghiệm các nước anh em; xây đi đôi với chống.","GT 2021, tr. 111-114"
ch3-b2-23,ch3-b2,dung-sai,2,Nhận định: Hồ Chí Minh cho rằng Việt Nam phải giống hệt Liên Xô trên con đường tiến lên chủ nghĩa xã hội.,,,,,sai,"Người khẳng định: ""Ta không thể giống Liên Xô"", vì mỗi nước có phong tục, lịch sử, địa lý khác nhau.","GT 2021, tr. 113"
ch3-b2-24,ch3-b2,dung-sai,2,"Nhận định: Theo Hồ Chí Minh, quan điểm ""xây"" đi đôi với ""chống"" là một nét đặc sắc của tư tưởng Hồ Chí Minh.",,,,,dung,Giáo trình nêu quan điểm này xuyên suốt tư tưởng Hồ Chí Minh trong cách mạng xã hội chủ nghĩa.,"GT 2021, tr. 108"
ch3-b3-01,ch3-b3,mot-dap-an,2,Phương hướng chiến lược của cách mạng Việt Nam trong Chánh cương vắn tắt (1930) là gì?,Làm tư sản dân quyền cách mạng và thổ địa cách mạng để đi tới xã hội cộng sản,Chỉ làm cách mạng ruộng đất,Chỉ cải cách hành chính,Chỉ thực hiện tự trị,A,Đó là phương hướng chiến lược được Hồ Chí Minh khẳng định năm 1930.,"GT 2021, tr. 114-115"
ch3-b3-02,ch3-b3,dung-sai,1,"Nhận định: Theo Hồ Chí Minh, độc lập dân tộc là mục tiêu cuối cùng của cách mạng.",,,,,sai,Người không coi độc lập dân tộc là mục tiêu cuối cùng mà là tiền đề cho cách mạng xã hội chủ nghĩa.,"GT 2021, tr. 115"
ch3-b3-03,ch3-b3,mot-dap-an,2,Độc lập dân tộc là gì đối với việc tiến lên chủ nghĩa xã hội?,"Cơ sở, tiền đề",Trở ngại,Điều kiện phụ,Mục tiêu đối lập,A,"Độc lập dân tộc là cơ sở, tiền đề để tiến lên chủ nghĩa xã hội.","GT 2021, tr. 114"
ch3-b3-04,ch3-b3,mot-dap-an,2,Chủ nghĩa xã hội là gì đối với nền độc lập dân tộc?,Điều kiện bảo đảm nền độc lập dân tộc vững chắc,Điều kiện làm suy yếu độc lập,Điều kiện không liên quan,Mục tiêu đối lập,A,Chủ nghĩa xã hội là điều kiện để bảo đảm nền độc lập dân tộc vững chắc.,"GT 2021, tr. 116"
ch3-b3-05,ch3-b3,mot-dap-an,2,"Năm 1960, Hồ Chí Minh khẳng định chỉ có gì mới giải phóng được các dân tộc bị áp bức và người lao động khỏi ách nô lệ?","Chủ nghĩa xã hội, chủ nghĩa cộng sản",Chủ nghĩa tư bản,Chủ nghĩa thực dân,Chủ nghĩa dân tộc hẹp hòi,A,"Người khẳng định: chỉ có chủ nghĩa xã hội, chủ nghĩa cộng sản mới giải phóng được các dân tộc bị áp bức và những người lao động trên thế giới khỏi ách nô lệ.","GT 2021, tr. 116"
ch3-b3-06,ch3-b3,mot-dap-an,2,"Điều kiện quan trọng nhất để bảo đảm nền độc lập dân tộc, theo giáo trình, là gì?",Chế độ dân chủ được thể chế hóa bằng pháp luật,Sự có mặt của quân đội nước ngoài,Nguồn vốn nước ngoài,Việc mở rộng lãnh thổ,A,Chế độ dân chủ thể hiện trong mọi mặt và được thể chế hóa bằng pháp luật là điều kiện quan trọng nhất.,"GT 2021, tr. 116"
ch3-b3-07,ch3-b3,sap-xep,2,Sắp xếp ba điều kiện bảo đảm độc lập dân tộc gắn liền với chủ nghĩa xã hội theo thứ tự trong giáo trình.,"Phải đoàn kết, gắn bó chặt chẽ với cách mạng thế giới","Phải củng cố khối đại đoàn kết dân tộc, nền tảng là liên minh công - nông",Phải bảo đảm vai trò lãnh đạo tuyệt đối của Đảng Cộng sản,,"C,B,A",Thứ tự: một là Đảng lãnh đạo; hai là đại đoàn kết dân tộc; ba là đoàn kết với cách mạng thế giới.,"GT 2021, tr. 117-118"
ch3-b3-08,ch3-b3,dung-sai,2,Nhận định: Không có sự lãnh đạo của Đảng thì cách mạng Việt Nam không thể đi theo con đường cách mạng vô sản và không giành được độc lập dân tộc.,,,,,dung,Đây là nội dung của điều kiện thứ nhất trong giáo trình.,"GT 2021, tr. 117"
ch3-b3-09,ch3-b3,mot-dap-an,2,"Vấn đề nào có ý nghĩa chiến lược, quyết định sự thành công của cách mạng theo Hồ Chí Minh?",Đại đoàn kết dân tộc,Sức mạnh quân sự,Vốn đầu tư,Địa hình,A,"Đại đoàn kết dân tộc là vấn đề có ý nghĩa chiến lược, quyết định sự thành công của cách mạng.","GT 2021, tr. 118"
ch3-b3-10,ch3-b3,mot-dap-an,2,"Cách mạng dân tộc dân chủ nhân dân càng sâu sắc, triệt để thì tạo ra điều gì?","Tiền đề thuận lợi, sức mạnh to lớn cho cách mạng xã hội chủ nghĩa",Trở ngại cho cách mạng xã hội chủ nghĩa,Sự dừng lại của cách mạng,Sự quay lại xã hội cũ,A,"Cách mạng dân tộc dân chủ nhân dân càng sâu sắc, triệt để càng tạo tiền đề thuận lợi cho cách mạng xã hội chủ nghĩa.","GT 2021, tr. 115"
ch3-b3-11,ch3-b3,dung-sai,2,Nhận định: Cách mạng giải phóng dân tộc ở Việt Nam ngay từ đầu đã mang tính định hướng xã hội chủ nghĩa.,,,,,dung,"Vì đó là con đường cách mạng vô sản, cuộc cách mạng này ngay từ đầu mang tính định hướng xã hội chủ nghĩa.","GT 2021, tr. 115"
ch3-b3-12,ch3-b3,mot-dap-an,3,Độc lập dân tộc theo tư tưởng Hồ Chí Minh bao gồm cả những nội dung nào?,Nội dung dân tộc và dân chủ,Chỉ nội dung quân sự,Chỉ nội dung kinh tế,Chỉ nội dung ngoại giao,A,"Độc lập dân tộc bao gồm cả nội dung dân tộc và dân chủ; phải gắn liền với thống nhất, chủ quyền, toàn vẹn lãnh thổ và với tự do, cơm no áo ấm, hạnh phúc.","GT 2021, tr. 115"
ch3-b3-13,ch3-b3,mot-dap-an,2,Chủ nghĩa xã hội hiện thực góp phần điều gì đối với thế giới?,"Hạn chế chiến tranh phi nghĩa, bảo vệ hòa bình thế giới",Gây thêm chiến tranh,Xóa bỏ hợp tác quốc tế,Ngăn cản phát triển,A,"Giáo trình nêu chủ nghĩa xã hội hiện thực sẽ góp phần hạn chế những cuộc chiến tranh phi nghĩa, bảo vệ nền hòa bình trên thế giới.","GT 2021, tr. 117"
ch3-b3-14,ch3-b3,mot-dap-an,2,Nền tảng của khối đại đoàn kết dân tộc theo điều kiện thứ hai là gì?,Khối liên minh công - nông,Liên minh quân sự nước ngoài,Liên minh tài chính,Liên minh thương mại,A,Phải củng cố và tăng cường khối đại đoàn kết dân tộc mà nền tảng là khối liên minh công - nông.,"GT 2021, tr. 118"
ch3-b3-15,ch3-b3,dung-sai,2,Nhận định: Ba điều kiện bảo đảm độc lập dân tộc gắn liền với chủ nghĩa xã hội phải gắn bó chặt chẽ với nhau.,,,,,dung,"Giáo trình nêu ba điều kiện phải được bảo đảm, gắn bó chặt chẽ với nhau.","GT 2021, tr. 118"
ch3-b4-01,ch3-b4,mot-dap-an,1,Đại hội nào của Đảng thông qua Cương lĩnh xây dựng đất nước trong thời kỳ quá độ lên chủ nghĩa xã hội?,Đại hội VII,Đại hội II,Đại hội IV,Đại hội XIII,A,Đại hội VII của Đảng đã thông qua Cương lĩnh này; đến Đại hội XI Cương lĩnh được bổ sung và phát triển.,"GT 2021, tr. 118-119"
ch3-b4-02,ch3-b4,mot-dap-an,2,Bài học đầu tiên mà Đảng rút ra trong Cương lĩnh là gì?,Nắm vững ngọn cờ độc lập dân tộc và chủ nghĩa xã hội,Mở rộng thương mại,Tập trung quân sự,Bãi bỏ thể chế,A,Cương lĩnh rút ra bài học đầu tiên là nắm vững ngọn cờ độc lập dân tộc và chủ nghĩa xã hội.,"GT 2021, tr. 119"
ch3-b4-03,ch3-b4,mot-dap-an,2,Phương châm nào bảo đảm dân chủ xã hội chủ nghĩa được thực hiện trong quá trình ra quyết định?,"Dân biết, dân bàn, dân làm, dân kiểm tra","Dân nghe, dân theo","Dân đóng góp, dân im lặng","Dân xem, dân chờ",A,Nhân dân tham gia vào mọi khâu ra quyết định theo phương châm nêu trên.,"GT 2021, tr. 119"
ch3-b4-04,ch3-b4,mot-dap-an,2,Phát huy dân chủ xã hội chủ nghĩa cần phê phán những biểu hiện nào?,"Dân chủ cực đoan, dân chủ hình thức",Dân chủ đầy đủ,Pháp chế nghiêm minh,Trách nhiệm công dân,A,"Cần phê phán dân chủ cực đoan, dân chủ hình thức và xử lý nghiêm các hành vi lợi dụng dân chủ.","GT 2021, tr. 120"
ch3-b4-05,ch3-b4,mot-dap-an,2,Đặc điểm của hệ thống chính trị ở Việt Nam theo giáo trình là gì?,Tính nhất nguyên và tính thống nhất,Đa nguyên chính trị,Phân quyền tuyệt đối,Không có tổ chức,A,"Nhất nguyên về chính trị, tổ chức, tư tưởng; thống nhất dưới sự lãnh đạo của Đảng và về mục tiêu chính trị.","GT 2021, tr. 120"
ch3-b4-06,ch3-b4,mot-dap-an,2,Nhân dân thực hiện quyền làm chủ thông qua những hình thức nào?,"Hoạt động của Nhà nước, hệ thống chính trị, dân chủ trực tiếp và dân chủ đại diện",Chỉ qua các cơ quan nước ngoài,Chỉ qua hội nghị quốc tế,Chỉ qua báo chí,A,Đó là các hình thức được giáo trình nêu.,"GT 2021, tr. 120-121"
ch3-b4-07,ch3-b4,mot-dap-an,3,Tình trạng suy thoái nếu không ngăn chặn kịp thời được giáo trình cảnh báo là gì?,Nguy cơ trực tiếp đe dọa sự tồn vong của Đảng và chế độ,Chỉ là vấn đề nhỏ,Chỉ ảnh hưởng địa phương,Không đáng lo,A,Giáo trình trích: đó là một nguy cơ trực tiếp đe dọa sự tồn vong của Đảng và chế độ.,"GT 2021, tr. 121"
ch3-b4-08,ch3-b4,mot-dap-an,2,Nhiệm vụ then chốt trong sự nghiệp đổi mới là gì?,Xây dựng Đảng,Phát triển thương mại,Tăng quân số,Mở rộng đô thị,A,Xây dựng Đảng là nhiệm vụ then chốt trong sự nghiệp đổi mới.,"GT 2021, tr. 121-122"
ch3-b4-09,ch3-b4,dung-sai,2,"Nhận định: Hồ Chí Minh đã dùng chính các khái niệm ""suy thoái"", ""tự diễn biến"", ""tự chuyển hóa"".",,,,,sai,"Hồ Chí Minh chưa sử dụng những khái niệm này nhưng đã đề cập nhiều ""căn bệnh"" biểu hiện của nó và cảnh báo tác hại.","GT 2021, tr. 122"
ch3-b4-10,ch3-b4,mot-dap-an,2,Mục tiêu chung được nhắc trong phần vận dụng là gì?,"Dân giàu, nước mạnh, dân chủ, công bằng, văn minh","Nước giàu, dân yếu","Quân mạnh, dân yếu",Đô thị lớn,A,"Xây dựng Đảng để thực hiện mục tiêu dân giàu, nước mạnh, dân chủ, công bằng, văn minh.","GT 2021, tr. 122"
ch3-b4-11,ch3-b4,mot-dap-an,2,Phát huy dân chủ xã hội chủ nghĩa bảo đảm điều gì về quyền lực nhà nước?,Tất cả quyền lực nhà nước thuộc về nhân dân,Quyền lực thuộc về một nhóm,Quyền lực thuộc về nước ngoài,Không có quyền lực,A,Đó là nội dung được giáo trình nêu.,"GT 2021, tr. 119"
ch3-b4-12,ch3-b4,sap-xep,3,Sắp xếp bốn nội dung vận dụng tư tưởng Hồ Chí Minh về độc lập dân tộc gắn liền với chủ nghĩa xã hội theo thứ tự trong giáo trình.,"Củng cố, kiện toàn, phát huy sức mạnh hệ thống chính trị","Đấu tranh chống suy thoái, ""tự diễn biến"", ""tự chuyển hóa""",Kiên định mục tiêu và con đường cách mạng,Phát huy sức mạnh dân chủ xã hội chủ nghĩa,"C,D,A,B","Thứ tự: 1 kiên định mục tiêu, con đường; 2 phát huy dân chủ; 3 củng cố hệ thống chính trị; 4 đấu tranh chống suy thoái.","GT 2021, tr. 118-121"
ch3-b4-13,ch3-b4,dung-sai,2,Nhận định: Cương lĩnh xác định những đặc trưng cơ bản của xã hội xã hội chủ nghĩa mà nhân dân ta xây dựng.,,,,,dung,Cương lĩnh cũng xác định những đặc trưng cơ bản của xã hội xã hội chủ nghĩa và các mối quan hệ cơ bản cần giải quyết.,"GT 2021, tr. 119"
ch3-b4-14,ch3-b4,mot-dap-an,2,Dân chủ xã hội chủ nghĩa đi đôi với điều gì?,"Tăng cường pháp chế, đề cao trách nhiệm công dân và đạo đức xã hội",Nới lỏng pháp luật,Bỏ trách nhiệm công dân,Loại bỏ đạo đức,A,"Phát huy dân chủ đi đôi với tăng cường pháp chế, đề cao trách nhiệm công dân và đạo đức xã hội.","GT 2021, tr. 120"
ch3-b4-15,ch3-b4,dung-sai,3,"Nhận định: Đảng cần tăng cường xây dựng, chỉnh đốn để xứng đáng là Đảng cầm quyền.",,,,,dung,Giáo trình nêu như vậy khi phân tích việc vận dụng tư tưởng Hồ Chí Minh.,"GT 2021, tr. 122"
ch3-ex-01,ch3,mot-dap-an,2,Mục tiêu về kỹ năng của Chương 3 là gì?,Nhận diện và phản bác được những luận điểm xuyên tạc tư tưởng Hồ Chí Minh về độc lập dân tộc và chủ nghĩa xã hội,Thành thạo ngoại ngữ,Thành thạo một nghề,Giỏi tính toán,A,"Đó là mục tiêu ""Về kỹ năng"" của Chương 3.","GT 2021, tr. 73"
ch3-ex-02,ch3,mot-dap-an,2,Tính quy luật của cách mạng Việt Nam được Chương 3 nhấn mạnh là gì?,Độc lập dân tộc gắn liền với chủ nghĩa xã hội,Độc lập dân tộc tách rời chủ nghĩa xã hội,Chỉ có chủ nghĩa xã hội,Chỉ có độc lập dân tộc,A,Mục tiêu kiến thức: nắm được tính quy luật của cách mạng Việt Nam: độc lập dân tộc gắn liền với chủ nghĩa xã hội.,"GT 2021, tr. 73"
ch3-ex-03,ch3,dung-sai,2,Nhận định: Tuyên ngôn độc lập năm 1945 được Hồ Chí Minh đọc thay mặt Chính phủ lâm thời.,,,,,dung,"Trong Tuyên ngôn độc lập 1945, thay mặt Chính phủ lâm thời, Hồ Chí Minh trịnh trọng tuyên bố trước quốc dân đồng bào và thế giới.","GT 2021, tr. 75"
ch4-b1-01,ch4-b1,mot-dap-an,1,"Trong Đường cách mệnh, Hồ Chí Minh ví Đảng như gì đối với con thuyền cách mạng?",Người cầm lái,Cánh buồm,Mái chèo,Cái neo,A,"Người viết: đảng có vững, cách mệnh mới thành công, cũng như người cầm lái có vững thuyền mới chạy.","GT 2021, tr. 124"
ch4-b1-02,ch4-b1,mot-dap-an,2,"Theo Hồ Chí Minh, sự ra đời của Đảng Cộng sản Việt Nam là kết quả của sự kết hợp nào?",Chủ nghĩa Mác - Lênin với phong trào công nhân và phong trào yêu nước,Chủ nghĩa tư bản với phong trào nông dân,Nho giáo với phong trào công nhân,Chủ nghĩa dân tộc với phong trào tư sản,A,Đây là nhận định của Người về sự ra đời của Đảng.,"GT 2021, tr. 125"
ch4-b1-03,ch4-b1,mot-dap-an,2,"Tổ chức yêu nước tiêu biểu nhất do Hồ Chí Minh lập ra, dẫn tới sự ra đời của Đảng, là gì?",Hội Việt Nam Cách mệnh Thanh niên,Hội Liên hiệp thuộc địa,Đảng Xã hội Pháp,Mặt trận Việt Minh,A,Từ năm 1925 trở đi nhiều người chuyển sang xu hướng cộng sản; tiêu biểu nhất là Hội Việt Nam Cách mệnh Thanh niên.,"GT 2021, tr. 126"
ch4-b1-04,ch4-b1,mot-dap-an,1,"""Đảng ta là đạo đức, là văn minh"" được Hồ Chí Minh nói tại dịp nào?",Lễ kỷ niệm 30 năm Ngày thành lập Đảng (năm 1960),Ngày đọc Tuyên ngôn độc lập,Đại hội II (năm 1951),Ngày đi ra nước ngoài (năm 1911),A,"Trong bài nói tại Lễ kỷ niệm 30 năm Ngày thành lập Đảng (năm 1960), Người khẳng định như vậy.","GT 2021, tr. 126"
ch4-b1-05,ch4-b1,dung-sai,1,"Nhận định: Hồ Chí Minh coi đạo đức cách mạng là gốc, là nền tảng của người cách mạng.",,,,,dung,"Giáo trình nêu Người coi đạo đức cách mạng là gốc, là nền tảng của người cách mạng.","GT 2021, tr. 126"
ch4-b1-06,ch4-b1,mot-dap-an,2,Bốn đức mà Hồ Chí Minh nhấn mạnh đối với đảng viên là gì?,"Cần, kiệm, liêm, chính","Nhân, lễ, nghĩa, trí","Trung, hiếu, tiết, nghĩa","Thiện, mỹ, chân, hòa",A,"Đảng viên có bốn đức: cần, kiệm, liêm, chính và luôn luôn chí công vô tư.","GT 2021, tr. 127"
ch4-b1-07,ch4-b1,mot-dap-an,2,"""Giàu sang không thể quyến rũ, nghèo khó không thể chuyển lay, uy lực không thể khuất phục"" mô tả những ai?",Những người trong Đảng của giai cấp công nhân và nhân dân lao động,Những thương nhân,Những nhà quý tộc,Những người xa lạ,A,"Câu này mô tả những người kiên quyết nhất, hăng hái nhất, trong sạch nhất, tận tâm tận lực phụng sự Tổ quốc và nhân dân.","GT 2021, tr. 127"
ch4-b1-08,ch4-b1,mot-dap-an,2,Đảng văn minh là Đảng tiêu biểu cho điều gì của dân tộc?,"Lương tâm, trí tuệ và danh dự","Quyền lực, tiền bạc, danh vọng","Vũ lực, hùng biện, thương mại","Nghệ thuật, thể thao, giải trí",A,Nội dung đầu tiên của Đảng văn minh nêu như vậy.,"GT 2021, tr. 128"
ch4-b1-09,ch4-b1,dung-sai,2,"Nhận định: Đảng văn minh hoạt động trong khuôn khổ Hiến pháp và pháp luật, không phải là tổ chức đứng trên dân tộc.",,,,,dung,Đây là nội dung thứ tư của Đảng văn minh.,"GT 2021, tr. 129"
ch4-b1-10,ch4-b1,mot-dap-an,2,"Nếu Đảng không đạo đức, văn minh thì hậu quả như thế nào?",Đảng sẽ mất quyền lãnh đạo,Đảng mạnh hơn,Đảng không thay đổi,Nhân dân thêm tin tưởng,A,"Giáo trình nêu: Nếu Đảng không đạo đức, văn minh thì Đảng sẽ bị mất quyền lãnh đạo.","GT 2021, tr. 129"
ch4-b1-11,ch4-b1,mot-dap-an,2,Nguyên tắc tập trung dân chủ theo Hồ Chí Minh là gì?,"Tập trung trên nền tảng dân chủ, dân chủ phải đi đến tập trung","Chỉ tập trung, không dân chủ","Chỉ dân chủ, không tập trung",Bỏ qua ý kiến đảng viên,A,Đó là luận đề của Người về tập trung dân chủ.,"GT 2021, tr. 130-131"
ch4-b1-12,ch4-b1,mot-dap-an,3,"Trong nguyên tắc tập thể lãnh đạo, cá nhân phụ trách, Hồ Chí Minh lưu ý hai điều cần tránh là gì?","Độc đoán, chuyên quyền, coi thường tập thể; dựa dẫm tập thể, không dám quyết đoán",Học tập; rèn luyện,Đoàn kết; tôn trọng,Sáng tạo; năng động,A,Đó là hai điều cần tránh trong hoạt động của Đảng.,"GT 2021, tr. 131"
ch4-b1-13,ch4-b1,mot-dap-an,1,Hồ Chí Minh ví việc tự phê bình như việc gì?,Mỗi ngày phải rửa mặt,Mỗi năm đi khám bệnh,Mỗi tháng đóng thuế,Mỗi tuần đi chợ,A,"Người coi tự phê bình, tự kiểm điểm, tự sửa chữa là việc làm thường xuyên ""như mỗi ngày phải rửa mặt"".","GT 2021, tr. 131"
ch4-b1-14,ch4-b1,mot-dap-an,1,"Câu ""Không có kỷ luật sắt không có Đảng"" nói về nguyên tắc nào?","Kỷ luật nghiêm minh, tự giác",Tập trung dân chủ,Đoàn kết quốc tế,Tự chỉnh đốn,A,"Người nhấn mạnh Đảng tổ chức rất nghiêm, có điều kiện kỷ luật bắt buộc mỗi đảng viên phải theo.","GT 2021, tr. 132"
ch4-b1-15,ch4-b1,mot-dap-an,2,Kỷ luật của Đảng chỉ nghiêm và bền lâu khi nó dựa trên điều gì?,Lòng tự giác của đảng viên,Sự sợ hãi,Sự ép buộc,Sự thưởng tiền,A,Kỷ luật này là do lòng tự giác của đảng viên về nhiệm vụ của họ đối với Đảng.,"GT 2021, tr. 132"
ch4-b1-16,ch4-b1,mot-dap-an,2,"Trong tác phẩm Sửa đổi lối làm việc, Hồ Chí Minh nêu bao nhiêu điều về tư cách của đảng chân chính cách mạng?",12 điều,5 điều,8 điều,20 điều,A,"Giáo trình nêu Người nêu lên 12 điều, trong đó có điều số 9 và số 10.","GT 2021, tr. 133"
ch4-b1-17,ch4-b1,mot-dap-an,2,"Trong Di chúc, Hồ Chí Minh dặn phải giữ gìn sự đoàn kết nhất trí của Đảng như thế nào?",Như giữ gìn con ngươi của mắt mình,Như giữ gìn tài sản,Như giữ gìn bí mật,Như giữ gìn lá cờ,A,Người dặn các đồng chí từ Trung ương đến các chi bộ giữ gìn sự đoàn kết nhất trí như giữ gìn con ngươi của mắt mình.,"GT 2021, tr. 134"
ch4-b1-18,ch4-b1,mot-dap-an,2,"Theo Hồ Chí Minh, Đảng Cộng sản Việt Nam từ đâu mà ra?","Ở trong xã hội mà ra, không phải trên trời sa xuống",Từ nước ngoài truyền vào,Từ một nhóm nhỏ,Từ quân đội,A,"Người nói: Đảng không phải trên trời sa xuống, nó ở trong xã hội mà ra.","GT 2021, tr. 135"
ch4-b1-19,ch4-b1,dung-sai,2,Nhận định: Đảng học hỏi quần chúng và theo đuôi quần chúng.,,,,,sai,"Hồ Chí Minh nhấn mạnh Đảng học hỏi quần chúng nhưng không theo đuôi quần chúng, phải chú ý nâng cao dân chúng.","GT 2021, tr. 136"
ch4-b1-20,ch4-b1,mot-dap-an,2,Chữ nào được Hồ Chí Minh coi trọng trong quan hệ giữa Đảng và nhân dân?,Chữ TÍN,Chữ LỢI,Chữ QUYỀN,Chữ DANH,A,Cần coi trọng chữ TÍN: dân tin Đảng và Đảng tin dân.,"GT 2021, tr. 136"
ch4-b1-21,ch4-b1,mot-dap-an,2,"Yêu cầu ""đảng viên đi trước, làng nước theo sau"" thuộc yêu cầu nào với cán bộ, đảng viên?","Có mối liên hệ mật thiết với nhân dân, tiên phong, gương mẫu",Học ngoại ngữ,Nắm kỹ thuật,Giữ bí mật,A,"Đó là yêu cầu về tiên phong, gương mẫu và liên hệ mật thiết với nhân dân.","GT 2021, tr. 138"
ch4-b1-22,ch4-b1,mot-dap-an,2,Hồ Chí Minh cho rằng loại địch nào đáng sợ hơn?,"Địch bên trong, vì nó phá hoại từ trong phá ra",Địch bên ngoài,Cả hai như nhau,Không có địch nào đáng sợ,A,"Người nói địch bên ngoài không đáng sợ, địch bên trong đáng sợ hơn.","GT 2021, tr. 138-139"
ch4-b1-23,ch4-b1,mot-dap-an,2,Hồ Chí Minh nói cán bộ là gì của mọi công việc?,Gốc,Ngọn,Cành,Lá,A,Cán bộ là gốc của mọi công việc; muôn việc thành công hoặc thất bại đều do cán bộ tốt hoặc kém.,"GT 2021, tr. 141"
ch4-b1-24,ch4-b1,mot-dap-an,2,"Trong Di chúc, Hồ Chí Minh muốn đào tạo đoàn viên và thanh niên thành người thừa kế xây dựng chủ nghĩa xã hội như thế nào?","Vừa ""hồng"" vừa ""chuyên""","Chỉ ""chuyên""","Chỉ ""hồng""",Không cần thừa kế,A,"Người dặn Đảng chăm lo giáo dục đạo đức cách mạng cho họ, đào tạo họ thành người thừa kế vừa ""hồng"" vừa ""chuyên"".","GT 2021, tr. 141"
ch4-b2-01,ch4-b2,mot-dap-an,2,Nhà nước Việt Nam mới theo Hồ Chí Minh mang bản chất của giai cấp nào?,Giai cấp công nhân,Giai cấp tư sản,Giai cấp địa chủ,Không có giai cấp,A,Nhà nước Việt Nam Dân chủ Cộng hòa mang bản chất giai cấp công nhân.,"GT 2021, tr. 142"
ch4-b2-02,ch4-b2,dung-sai,2,"Nhận định: Theo Hồ Chí Minh, Nhà nước Việt Nam là ""nhà nước toàn dân"" theo nghĩa nhà nước phi giai cấp.",,,,,sai,"Nhà nước Việt Nam là nhà nước dân chủ nhưng tuyệt nhiên không phải ""nhà nước toàn dân"" hiểu theo nghĩa phi giai cấp.","GT 2021, tr. 142"
ch4-b2-03,ch4-b2,mot-dap-an,3,Lời nói đầu Hiến pháp năm 1959 khẳng định Nhà nước ta là nhà nước như thế nào?,"Nhà nước dân chủ nhân dân, dựa trên nền tảng liên minh công nông, do giai cấp công nhân lãnh đạo",Nhà nước quân chủ lập hiến,Nhà nước của giai cấp tư sản,Nhà nước phi giai cấp,A,Đó là nội dung được giáo trình trích dẫn.,"GT 2021, tr. 142"
ch4-b2-04,ch4-b2,mot-dap-an,2,Đảng cầm quyền bằng phương thức nào sau đây?,"Bằng đường lối, quan điểm, chủ trương để Nhà nước thể chế hóa thành pháp luật",Bằng thay thế Nhà nước,Bằng bãi bỏ pháp luật,Bằng quyền phủ quyết nước ngoài,A,Ba phương thức: đường lối để Nhà nước thể chế hóa; hoạt động của tổ chức đảng và đảng viên; công tác kiểm tra.,"GT 2021, tr. 142-143"
ch4-b2-05,ch4-b2,mot-dap-an,2,Nguyên tắc tổ chức và hoạt động của Nhà nước theo Hồ Chí Minh là gì?,Tập trung dân chủ,Phân quyền tuyệt đối,Tự do tuyệt đối,Bỏ nhà nước,A,Bản chất giai cấp công nhân của Nhà nước thể hiện ở nguyên tắc tập trung dân chủ.,"GT 2021, tr. 143"
ch4-b2-06,ch4-b2,mot-dap-an,2,Nhà nước Việt Nam Dân chủ Cộng hòa là nhà nước dân chủ nhân dân đầu tiên ở khu vực nào?,Đông Nam Á,Châu Âu,Châu Phi,Nam Mỹ,A,Giáo trình nêu đây là nhà nước dân chủ nhân dân đầu tiên ở Đông Nam Á.,"GT 2021, tr. 144"
ch4-b2-07,ch4-b2,mot-dap-an,1,Nhà nước của nhân dân là nhà nước mà tất cả mọi quyền lực thuộc về ai?,Nhân dân,Một dòng họ,Quân đội,Tổ chức nước ngoài,A,"Người khẳng định: trong nước Việt Nam Dân chủ Cộng hòa, tất cả mọi quyền lực đều là của nhân dân.","GT 2021, tr. 145"
ch4-b2-08,ch4-b2,mot-dap-an,3,Hình thức dân chủ nào được Hồ Chí Minh coi là hoàn bị nhất?,Dân chủ trực tiếp,Dân chủ gián tiếp,Dân chủ hình thức,Dân chủ cực đoan,A,"Người luôn coi trọng dân chủ trực tiếp, bởi đây là hình thức dân chủ hoàn bị nhất.","GT 2021, tr. 145"
ch4-b2-09,ch4-b2,mot-dap-an,2,Quyền lực nhà nước theo Hồ Chí Minh là gì đối với nhân dân?,"""Thừa ủy quyền"" của nhân dân",Quyền tự có của nhà nước,Quyền từ thần linh,Quyền từ nước ngoài,A,Tự bản thân nhà nước không có quyền lực; quyền lực là do nhân dân ủy thác.,"GT 2021, tr. 146"
ch4-b2-10,ch4-b2,mot-dap-an,2,Cán bộ nhà nước theo Hồ Chí Minh là gì của nhân dân?,Công bộc (đầy tớ),Ông chủ,Người đứng trên dân,Người thu thuế,A,"Các cơ quan và cán bộ nhà nước đều là công bộc của dân, gánh vác việc chung cho dân chứ không đè đầu dân.","GT 2021, tr. 146"
ch4-b2-11,ch4-b2,dung-sai,2,"Nhận định: Theo Hồ Chí Minh, nếu Chính phủ làm hại dân thì dân có quyền đuổi Chính phủ.",,,,,dung,Giáo trình trích Người: nếu Chính phủ làm hại dân thì dân có quyền đuổi Chính phủ.,"GT 2021, tr. 147"
ch4-b2-12,ch4-b2,mot-dap-an,2,Nhân dân có quyền lợi làm chủ thì phải có gì?,Nghĩa vụ làm tròn bổn phận công dân,Quyền lực vô hạn,Quyền miễn thuế,Quyền không tuân pháp luật,A,"Người nói: nhân dân có quyền lợi làm chủ thì phải có nghĩa vụ làm tròn bổn phận công dân, giữ đúng đạo đức công dân.","GT 2021, tr. 148"
ch4-b2-13,ch4-b2,mot-dap-an,2,"""Muốn làm chủ được tốt, phải có ..."" — điền vào chỗ trống.",Năng lực làm chủ,Nhiều tiền,Nhiều đất,Nhiều quyền,A,"Hồ Chí Minh nói: ""Muốn làm chủ được tốt, phải có năng lực làm chủ"".","GT 2021, tr. 149"
ch4-b2-14,ch4-b2,mot-dap-an,2,Thước đo của một Nhà nước vì dân là gì?,Được lòng dân,Số lượng công trình,Quy mô bộ máy,Số lượng thuế,A,"Theo Hồ Chí Minh, thước đo một Nhà nước vì dân là phải được lòng dân.","GT 2021, tr. 150"
ch4-b2-15,ch4-b2,mot-dap-an,2,"Ngày 3/9/1945, ở phiên họp đầu tiên của Chính phủ lâm thời, Hồ Chí Minh đề nghị điều gì?",Có một hiến pháp dân chủ và tổ chức Tổng tuyển cử với chế độ phổ thông đầu phiếu,Tuyên chiến với nước ngoài,Bãi bỏ mọi thuế,Thành lập quân đội,A,"Người đề nghị: chúng ta phải có một hiến pháp dân chủ, tổ chức càng sớm càng hay cuộc Tổng tuyển cử.","GT 2021, tr. 151-152"
ch4-b2-16,ch4-b2,mot-dap-an,1,Cuộc Tổng tuyển cử đầu tiên thắng lợi vào ngày nào?,6/1/1946,2/9/1945,19/12/1946,3/9/1945,A,Cuộc Tổng tuyển cử được tiến hành thắng lợi ngày 6/1/1946.,"GT 2021, tr. 152"
ch4-b2-17,ch4-b2,mot-dap-an,2,"Trong Tổng tuyển cử 1946, người dân từ bao nhiêu tuổi trở lên có quyền bỏ phiếu?",Từ 18 tuổi trở lên,Từ 21 tuổi trở lên,Từ 16 tuổi trở lên,Từ 25 tuổi trở lên,A,"Mọi người dân từ 18 tuổi trở lên, không phân biệt nam nữ, giàu nghèo, dân tộc, đảng phái, tôn giáo đều có quyền bỏ phiếu.","GT 2021, tr. 152"
ch4-b2-18,ch4-b2,sap-xep,3,"Sắp xếp các sự kiện sau theo thứ tự thời gian, từ sớm đến muộn.",Tổng tuyển cử thắng lợi (6/1/1946),Phiên họp đầu tiên của Chính phủ lâm thời đề nghị có hiến pháp dân chủ (3/9/1945),Quốc hội khoá I họp phiên đầu tiên (2/3/1946),Hồ Chí Minh đọc Tuyên ngôn độc lập (2/9/1945),"D,B,A,C","Thứ tự: 2/9/1945, 3/9/1945, 6/1/1946, 2/3/1946.","GT 2021, tr. 151-152"
ch4-b2-19,ch4-b2,mot-dap-an,2,Hồ Chí Minh hai lần tham gia lãnh đạo soạn thảo Hiến pháp vào những năm nào?,1946 và 1959,1945 và 1954,1959 và 1980,1946 và 1975,A,"Ở cương vị Chủ tịch nước, Người hai lần tham gia soạn thảo Hiến pháp năm 1946 và Hiến pháp năm 1959.","GT 2021, tr. 153"
ch4-b2-20,ch4-b2,mot-dap-an,3,Hồ Chí Minh đã ký lệnh công bố bao nhiêu đạo luật và sắc lệnh (theo giáo trình)?,"16 đạo luật, 613 sắc lệnh","5 đạo luật, 100 sắc lệnh","30 đạo luật, 1000 sắc lệnh","10 đạo luật, 200 sắc lệnh",A,"Người ký lệnh công bố 16 đạo luật, 613 sắc lệnh, trong đó có 243 sắc lệnh quy định về tổ chức Nhà nước và pháp luật.","GT 2021, tr. 153"
ch4-b2-21,ch4-b2,mot-dap-an,3,"Trong thư gửi Hội nghị Tư pháp toàn quốc, Hồ Chí Minh yêu cầu cán bộ tư pháp nêu cao gương nào?","""Phụng công, thủ pháp, chí công vô tư""","""Nhanh, gọn, rẻ""","""Cần, kiệm, liêm, chính""","""Dĩ bất biến, ứng vạn biến""",A,"Người viết: các bạn cần phải nêu cao cái gương ""phụng công, thủ pháp, chí công vô tư"" cho nhân dân noi theo.","GT 2021, tr. 155"
ch4-b2-22,ch4-b2,mot-dap-an,2,"Trong pháp quyền nhân nghĩa, quyền nào được coi là quyền cao nhất trong các quyền tự nhiên của con người?",Quyền sống,Quyền sở hữu,Quyền thương mại,Quyền tự trị,A,"Người đề cập các quyền tự nhiên của con người, trong đó quyền cao nhất là quyền sống.","GT 2021, tr. 155"
ch4-b2-23,ch4-b2,mot-dap-an,2,"Để kiểm soát quyền lực nhà nước có kết quả, Hồ Chí Minh nêu hai điều kiện nào?",Kiểm soát phải có hệ thống; người kiểm soát phải rất có uy tín,Kiểm soát bí mật; người kiểm soát ẩn danh,Kiểm soát ngẫu nhiên; người kiểm soát trẻ tuổi,Kiểm soát một lần; người kiểm soát nước ngoài,A,Đó là hai điều kiện được giáo trình nêu; cùng hai cách kiểm soát từ trên xuống và từ dưới lên.,"GT 2021, tr. 158"
ch4-b2-24,ch4-b2,mot-dap-an,2,Hiến pháp năm 1946 ghi nhận cơ quan nào có quyền kiểm soát và phê bình Chính phủ?,Nghị viện nhân dân,Hội đồng bộ trưởng,Tòa án tối cao,Mặt trận Việt Minh,A,Hiến pháp năm 1946 ghi nổi bật kiểm soát của Nghị viện nhân dân đối với Chính phủ.,"GT 2021, tr. 159"
ch4-b2-25,ch4-b2,mot-dap-an,1,"Hồ Chí Minh coi tham ô, lãng phí, quan liêu là gì?",Giặc nội xâm,Bạn đồng minh của nhân dân,Chuyện nhỏ,Việc bình thường,A,"Người coi đó là ""giặc nội xâm"", nguy hiểm hơn giặc ngoại xâm.","GT 2021, tr. 160"
ch4-b2-26,ch4-b2,mot-dap-an,3,Sắc lệnh ngày 27/11/1946 ấn định hình phạt cho tội nào?,Đưa và nhận hối lộ (từ 5 đến 20 năm tù khổ sai),Trốn thuế,Gây rối trật tự,Vi phạm giao thông,A,Người ký Sắc lệnh ấn định hình phạt tội đưa và nhận hối lộ từ 5 năm đến 20 năm tù khổ sai.,"GT 2021, tr. 160"
ch4-b2-27,ch4-b2,mot-dap-an,2,"Bệnh nào là bệnh gốc sinh ra tham ô, lãng phí theo Hồ Chí Minh?",Bệnh quan liêu,Bệnh kiêu ngạo,Bệnh nói nhiều,Bệnh sợ sệt,A,"Bệnh quan liêu là bệnh gốc sinh ra các bệnh tham ô, lãng phí.","GT 2021, tr. 161"
ch4-b2-28,ch4-b2,mot-dap-an,2,"""Bệnh mẹ"" là nguyên nhân chủ quan của các tiêu cực trong bộ máy nhà nước là gì?",Chủ nghĩa cá nhân,Chủ nghĩa yêu nước,Chủ nghĩa tập thể,Chủ nghĩa nhân đạo,A,"Nguyên nhân chủ quan bắt nguồn từ căn ""bệnh mẹ"" là chủ nghĩa cá nhân.","GT 2021, tr. 162"
ch4-b2-29,ch4-b2,mot-dap-an,2,"Giải pháp căn bản, có ý nghĩa lâu dài để phòng, chống tiêu cực trong Nhà nước là gì?","Nâng cao trình độ dân chủ, phát huy quyền làm chủ của nhân dân",Tăng số lượng bộ máy,Giảm giáo dục,Giảm kiểm tra,A,Đây là biện pháp thứ nhất trong năm biện pháp cơ bản.,"GT 2021, tr. 163"
ch4-b3-01,ch4-b3,mot-dap-an,2,"Vì sao đường lối, chủ trương của Đảng phải đúng đắn?",Vì sai một ly thì đi một dặm,Vì đường lối không quan trọng,Vì chỉ cần tuyên truyền,Vì chỉ cần tổ chức,A,"Giáo trình nêu: sai một ly thì đi một dặm, đó là tầm quan trọng của đường lối, chủ trương của Đảng.","GT 2021, tr. 162"
ch4-b3-02,ch4-b3,mot-dap-an,2,"Đường lối, chủ trương của Đảng phải dựa trên nền tảng nào?","Chủ nghĩa Mác - Lênin, tư tưởng Hồ Chí Minh",Chỉ kinh nghiệm nước ngoài,Chỉ ý kiến cá nhân,Chỉ số liệu thống kê,A,"Đường lối phải dựa trên nền tảng chủ nghĩa Mác - Lênin, tư tưởng Hồ Chí Minh và vận dụng sáng tạo.","GT 2021, tr. 162"
ch4-b3-03,ch4-b3,mot-dap-an,2,"Khi tổ chức thực hiện đường lối, điều đặc biệt quan trọng đối với người đứng đầu là gì?",Nêu cao trách nhiệm làm gương tốt để mọi người noi theo,Quyết định một mình,Tránh trách nhiệm,Giao hết cho cấp dưới,A,Giáo trình nêu người đứng đầu phải nêu cao trách nhiệm làm gương.,"GT 2021, tr. 163"
ch4-b3-04,ch4-b3,mot-dap-an,2,Phải làm cho Đảng luôn như thế nào theo lời Hồ Chí Minh?,"""Là đạo đức, là văn minh""","""Là quan chức""","""Là doanh nghiệp""","""Là tổ chức kín""",A,"Cần quán triệt Đảng ""là đạo đức, là văn minh"".","GT 2021, tr. 163"
ch4-b3-05,ch4-b3,mot-dap-an,2,Tư tưởng và hành động nào của Hồ Chí Minh cần quán triệt sâu sắc hơn trong Đảng?,Thống nhất giữa nói và làm,"Chỉ nói, không làm","Chỉ làm, không nói",Nói khác làm khác,A,Giáo trình nêu quán triệt tư tưởng và hành động của Hồ Chí Minh về thống nhất giữa nói và làm.,"GT 2021, tr. 163"
ch4-b3-06,ch4-b3,mot-dap-an,2,Sinh viên đang là đảng viên cần làm gì?,"Thực hiện tốt đường lối, chủ trương, điều lệ Đảng; là công dân gương mẫu và là sinh viên tốt",Chỉ học nghề,Tránh sinh hoạt Đảng,Chỉ hoạt động cá nhân,A,Đó là yêu cầu giáo trình nêu cho sinh viên là đảng viên.,"GT 2021, tr. 163"
ch4-b3-07,ch4-b3,mot-dap-an,2,Thư gửi học sinh nhân ngày khai trường (tháng 9/1945) mong muốn điều gì về nước nhà?,Sánh vai với các cường quốc năm châu,Đóng cửa với thế giới,Chỉ phát triển nông nghiệp,Chỉ phát triển quân sự,A,Giáo trình nêu góp phần đưa nước nhà sánh vai với các cường quốc năm châu.,"GT 2021, tr. 164"
ch4-b3-08,ch4-b3,mot-dap-an,2,Pháp luật trong Nhà nước xã hội chủ nghĩa vừa là công cụ nào?,"Để Nhà nước quản lý xã hội và để nhân dân làm chủ, kiểm tra, giám sát quyền lực nhà nước",Chỉ để trừng phạt,Chỉ để thu thuế,Chỉ để trang trí,A,Đó là yêu cầu được giáo trình nêu.,"GT 2021, tr. 164"
ch4-b3-09,ch4-b3,dung-sai,2,Nhận định: Quản lý đất nước theo pháp luật cần đi đôi với xây dựng nền tảng đạo đức xã hội.,,,,,dung,"Giáo trình nêu quản lý đất nước theo pháp luật, đồng thời coi trọng xây dựng nền tảng đạo đức xã hội.","GT 2021, tr. 164"
ch4-b3-10,ch4-b3,mot-dap-an,3,"Cơ chế kiểm soát quyền lực giữa lập pháp, hành pháp, tư pháp phải dựa trên cơ sở nào?",Quyền lực nhà nước là thống nhất,Quyền lực nhà nước bị chia rẽ hoàn toàn,Quyền lực thuộc về một người,Quyền lực thuộc về nước ngoài,A,"Cơ chế phân công, phối hợp và kiểm soát quyền lực dựa trên cơ sở quyền lực nhà nước là thống nhất.","GT 2021, tr. 164"
ch4-b3-11,ch4-b3,mot-dap-an,3,Giáo trình nêu thí điểm việc gì trong công tác cán bộ ở cơ sở và cấp huyện?,Dân trực tiếp bầu một số chức danh,Bổ nhiệm không cần thi tuyển,Bỏ mọi tiêu chí,Cho phép tự bổ nhiệm,A,Thực hiện thí điểm dân trực tiếp bầu một số chức danh ở cơ sở và ở cấp huyện.,"GT 2021, tr. 165"
ch4-b3-12,ch4-b3,mot-dap-an,2,"Việc đánh giá, đề bạt, bổ nhiệm cán bộ nên lấy tiêu chí nào?","Bản lĩnh chính trị, phẩm chất đạo đức, năng lực, hiệu quả thực thi nhiệm vụ",Quan hệ họ hàng,Tuổi tác,Vùng miền,A,Giáo trình nêu như vậy.,"GT 2021, tr. 165"
ch4-b3-13,ch4-b3,mot-dap-an,2,Cần đẩy mạnh cuộc đấu tranh nào trong các cơ quan nhà nước?,"Phòng, chống tham nhũng, lãng phí, quan liêu, hách dịch, cửa quyền",Mở rộng đặc quyền,Giảm kỷ luật,Tăng chi tiêu tùy tiện,A,Giáo trình nêu như vậy; đồng thời thực hành tiết kiệm.,"GT 2021, tr. 165"
ch4-b3-14,ch4-b3,sap-xep,2,"Sắp xếp ba nội dung xây dựng Đảng thật sự trong sạch, vững mạnh theo thứ tự trong giáo trình.",Phải chú trọng hơn nữa công tác chỉnh đốn Đảng,"Phải đề ra đường lối, chủ trương đúng đắn","Phải tổ chức thực hiện thật tốt đường lối, chủ trương",,"B,C,A",Thứ tự: đề ra đường lối đúng; tổ chức thực hiện tốt; chú trọng chỉnh đốn Đảng.,"GT 2021, tr. 162-163"
ch4-b3-15,ch4-b3,dung-sai,2,"Nhận định: Cần đổi mới, tăng cường sự lãnh đạo của Đảng đối với Nhà nước.",,,,,dung,Giáo trình nêu tiếp tục nâng cao hiệu quả và đổi mới mạnh mẽ phương thức lãnh đạo của Đảng đối với Nhà nước.,"GT 2021, tr. 165"
ch4-b3-16,ch4-b3,mot-dap-an,2,"Chính sách nào được nêu để thu hút nhân tài trong đội ngũ cán bộ, công chức?","Cơ chế, chính sách đãi ngộ, thu hút, trọng dụng nhân tài",Không quan tâm nhân tài,Hạn chế học tập,Bỏ thi tuyển,A,"Giáo trình nêu xây dựng cơ chế, chính sách đãi ngộ, thu hút, trọng dụng nhân tài.","GT 2021, tr. 165"
ch4-ex-01,ch4,mot-dap-an,2,Mục tiêu về tư tưởng của Chương 4 là gì?,"Tin tưởng vào sự lãnh đạo của Đảng và sự quản lý của Nhà nước trong giai đoạn kinh tế thị trường, hội nhập, toàn cầu hóa",Xem nhẹ Nhà nước,Bỏ qua pháp luật,Chỉ tin nước ngoài,A,"Đó là mục tiêu ""Về tư tưởng"" của Chương 4.","GT 2021, tr. 123"
ch4-ex-02,ch4,mot-dap-an,2,Nhà nước mà Chương 4 nêu là nhà nước như thế nào?,"Nhà nước của nhân dân, do nhân dân, vì nhân dân",Nhà nước của một giai tầng,Nhà nước vì tư bản,Nhà nước phi pháp luật,A,"Chương 4 nêu Nhà nước Việt Nam Dân chủ Cộng hòa là nhà nước của nhân dân, do nhân dân, vì nhân dân.","GT 2021, tr. 123"
ch4-ex-03,ch4,dung-sai,2,Nhận định: Sự lãnh đạo của Đảng là một tất yếu xuất phát từ yêu cầu phát triển của dân tộc Việt Nam.,,,,,dung,"Giáo trình nêu sự lãnh đạo của Đảng, vai trò lãnh đạo của Đảng là một tất yếu, xuất phát từ yêu cầu phát triển của dân tộc Việt Nam.","GT 2021, tr. 124"
ch5-b1-01,ch5-b1,mot-dap-an,1,Đại đoàn kết toàn dân tộc trong tư tưởng Hồ Chí Minh là chiến lược như thế nào?,"Lâu dài, nhất quán của cách mạng Việt Nam","Ngắn hạn, chỉ dùng thời chiến",Chỉ dùng ở một giai đoạn,Không thay đổi cả chính sách,A,"Đại đoàn kết toàn dân tộc là chiến lược lâu dài, nhất quán của cách mạng Việt Nam.","GT 2021, tr. 170"
ch5-b1-02,ch5-b1,mot-dap-an,2,"Khi nào nước ta độc lập, tự do theo bài học lịch sử Hồ Chí Minh nêu?",Khi dân ta đoàn kết muôn người như một,Khi có nhiều vũ khí,Khi có nhiều đồng minh,Khi thương mại phát triển,A,"Người chỉ rõ: lúc nào dân ta đoàn kết muôn người như một thì nước ta độc lập, tự do.","GT 2021, tr. 170"
ch5-b1-03,ch5-b1,dung-sai,2,"Nhận định: Trong mỗi giai đoạn, chính sách tập hợp đại đoàn kết có thể điều chỉnh nhưng không bao giờ được thay đổi chủ trương đại đoàn kết toàn dân tộc.",,,,,dung,Giáo trình nêu như vậy vì đó là nhân tố quyết định sự thành bại của cách mạng.,"GT 2021, tr. 170"
ch5-b1-04,ch5-b1,mot-dap-an,1,Câu kết luận nổi tiếng của Hồ Chí Minh về đại đoàn kết là gì?,"Đoàn kết, đoàn kết, đại đoàn kết. Thành công, thành công, đại thành công","Học, học nữa, học mãi","Dĩ bất biến, ứng vạn biến","Không có gì quý hơn độc lập, tự do",A,Đây là kết luận của Người về vai trò và sức mạnh của khối đại đoàn kết.,"GT 2021, tr. 171"
ch5-b1-05,ch5-b1,mot-dap-an,2,Mục đích của Đảng Lao động Việt Nam gồm trong 8 chữ nào (ngày 3/3/1951)?,"Đoàn kết toàn dân, phụng sự Tổ quốc","Độc lập, tự do, hạnh phúc","Cần, kiệm, liêm, chính","Dân giàu, nước mạnh",A,"Trong lời kết thúc buổi ra mắt Đảng Lao động Việt Nam ngày 3/3/1951, Người tuyên bố như vậy.","GT 2021, tr. 171-172"
ch5-b1-06,ch5-b1,mot-dap-an,2,Chủ thể của khối đại đoàn kết toàn dân tộc theo Hồ Chí Minh là ai?,"Toàn thể nhân dân, tất cả những người Việt Nam yêu nước",Chỉ giai cấp công nhân,Chỉ đảng viên,Chỉ trí thức,A,"Chủ thể gồm toàn thể nhân dân, tất cả người Việt Nam yêu nước ở các giai cấp, tầng lớp, dân tộc, tôn giáo, đảng phái.","GT 2021, tr. 172"
ch5-b1-07,ch5-b1,mot-dap-an,2,Hồ Chí Minh nói ta đoàn kết với những ai?,"Ai có tài, có đức, có sức, có lòng phụng sự Tổ quốc và phục vụ nhân dân",Chỉ người giàu,Chỉ người cùng quê,Chỉ người cùng nghề,A,Đó là lời Người khi nói về đại đoàn kết không phân biệt.,"GT 2021, tr. 173"
ch5-b1-08,ch5-b1,mot-dap-an,2,Lực lượng làm nền tảng của khối đại đoàn kết toàn dân tộc là gì?,"Công nhân, nông dân và trí thức",Chỉ tư sản,Chỉ địa chủ,Chỉ quân đội,A,"Giáo trình nêu lực lượng nền tảng là công nhân, nông dân và trí thức.","GT 2021, tr. 174"
ch5-b1-09,ch5-b1,mot-dap-an,2,"Yếu tố ""hạt nhân"" của khối đại đoàn kết toàn dân tộc là gì?",Sự đoàn kết và thống nhất trong Đảng,Sức mạnh quân sự,Sự giàu có,Quan hệ nước ngoài,A,Đảng đoàn kết thì dân tộc đoàn kết.,"GT 2021, tr. 174"
ch5-b1-10,ch5-b1,sap-xep,3,Sắp xếp bốn điều kiện xây dựng khối đại đoàn kết toàn dân tộc theo thứ tự trong giáo trình.,"Phải có lòng khoan dung, độ lượng",Phải lấy lợi ích chung làm điểm quy tụ,Phải có niềm tin vào nhân dân,"Phải kế thừa truyền thống yêu nước, nhân nghĩa, đoàn kết","B,D,A,C","Thứ tự: một là lợi ích chung; hai là kế thừa truyền thống; ba là khoan dung, độ lượng; bốn là niềm tin vào nhân dân.","GT 2021, tr. 175-177"
ch5-b1-11,ch5-b1,mot-dap-an,2,"""Năm ngón tay cũng có ngón vắn ngón dài"" được Hồ Chí Minh dùng để nói về điều kiện nào?","Lòng khoan dung, độ lượng",Lợi ích chung,Truyền thống dân tộc,Niềm tin vào nhân dân,A,"Người căn dặn phải khoan hồng đại độ, lấy tình thân ái cảm hóa những đồng bào lạc lối lầm đường.","GT 2021, tr. 176"
ch5-b1-12,ch5-b1,mot-dap-an,2,"Câu ""Chở thuyền và lật thuyền cũng là dân"" nói về điều gì?",Niềm tin vào nhân dân,Lòng khoan dung,Lợi ích chung,Truyền thống hàng hải,A,"Nguyên tắc yêu dân, tin dân, dựa vào dân tiếp nối truyền thống dân tộc.","GT 2021, tr. 176"
ch5-b1-13,ch5-b1,mot-dap-an,2,Mặt trận Việt Minh được thành lập vào năm nào?,1941,1930,1936,1951,A,Mặt trận Việt Minh (năm 1941) là một trong các tên gọi của mặt trận dân tộc thống nhất.,"GT 2021, tr. 177-178"
ch5-b1-14,ch5-b1,sap-xep,3,"Sắp xếp các tên gọi của mặt trận dân tộc thống nhất theo thời gian, từ sớm đến muộn.",Mặt trận Liên Việt (1951),Hội Phản đế đồng minh (1930),Mặt trận Việt Minh (1941),Mặt trận Dân chủ Đông Dương (1936),"B,D,C,A","Thứ tự: 1930, 1936, 1941, 1951.","GT 2021, tr. 177-178"
ch5-b1-15,ch5-b1,mot-dap-an,2,Nguyên tắc cốt lõi của Mặt trận dân tộc thống nhất là gì?,"Xây dựng trên nền tảng liên minh công nhân - nông dân - trí thức, dưới sự lãnh đạo của Đảng",Chỉ có giai cấp tư sản,Không có sự lãnh đạo,Chỉ tập hợp trí thức,A,Đây là nguyên tắc cốt lõi trong chiến lược đại đoàn kết toàn dân tộc của Hồ Chí Minh.,"GT 2021, tr. 178"
ch5-b1-16,ch5-b1,mot-dap-an,2,Vì sao phải lấy liên minh công nông làm nền tảng của Mặt trận?,"Vì họ trực tiếp sản xuất tài phú, đông nhất, bị áp bức bóc lột nặng nhất và chí khí cách mạng bền bỉ hơn",Vì họ giàu nhất,Vì họ ít người nhất,Vì họ ở thành phố,A,Người nêu ba lý do trong lời trích của giáo trình.,"GT 2021, tr. 179"
ch5-b1-17,ch5-b1,mot-dap-an,2,Nguyên tắc hoạt động của Mặt trận dân tộc thống nhất là gì?,Hiệp thương dân chủ,Áp đặt,Biểu quyết đa số bằng mọi giá,Bí mật,A,Mọi vấn đề của Mặt trận đều phải được bàn bạc công khai để đi đến nhất trí.,"GT 2021, tr. 180"
ch5-b1-18,ch5-b1,mot-dap-an,3,Phương châm nào được Hồ Chí Minh nhấn mạnh trong Mặt trận?,Cầu đồng tôn dị,Bằng mọi giá,Lấy lớn nuốt nhỏ,Đóng cửa bảo nhau,A,"Lấy cái chung để hạn chế cái riêng, cái khác biệt.","GT 2021, tr. 180"
ch5-b1-19,ch5-b1,mot-dap-an,2,Phương thức đầu tiên xây dựng khối đại đoàn kết toàn dân tộc là gì?,Làm tốt công tác vận động quần chúng (dân vận),Xây dựng quân đội,Đàm phán quốc tế,Cải cách kinh tế,A,Phương thức thứ nhất là làm tốt công tác vận động quần chúng.,"GT 2021, tr. 181"
ch5-b1-20,ch5-b1,dung-sai,2,"Nhận định: Các đoàn thể, tổ chức quần chúng như Công đoàn, Hội Nông dân, Đoàn Thanh niên, Hội Phụ nữ là những tổ chức của dân.",,,,,dung,"Người khẳng định những đoàn thể ấy là tổ chức của dân, phấn đấu cho dân, bênh vực quyền của dân.","GT 2021, tr. 182-183"
ch5-b2-01,ch5-b2,mot-dap-an,2,Mục đích của việc thực hiện đoàn kết quốc tế là gì?,"Kết hợp sức mạnh dân tộc với sức mạnh thời đại, tạo sức mạnh tổng hợp cho cách mạng",Thay thế sức mạnh dân tộc,Từ bỏ độc lập,Chỉ nhận viện trợ,A,Đây là nội dung chủ yếu trong tư tưởng Hồ Chí Minh về đoàn kết quốc tế.,"GT 2021, tr. 184-185"
ch5-b2-02,ch5-b2,mot-dap-an,2,Sức mạnh dân tộc trước hết là sức mạnh của điều gì?,"Chủ nghĩa yêu nước và ý thức tự lực, tự cường dân tộc",Vũ khí hiện đại,Sức mạnh tiền bạc,Sức mạnh quân đội nước ngoài,A,"Giáo trình nêu sức mạnh dân tộc là tổng hợp các yếu tố vật chất và tinh thần, trước hết là chủ nghĩa yêu nước và ý thức tự lực, tự cường.","GT 2021, tr. 185"
ch5-b2-03,ch5-b2,mot-dap-an,2,Sức mạnh thời đại là sức mạnh của điều gì?,Phong trào cách mạng thế giới và chủ nghĩa Mác - Lênin,Chỉ phong trào tôn giáo,Chỉ sức mạnh kinh tế,Chỉ sức mạnh văn hóa,A,"Đó là sức mạnh của phong trào cách mạng thế giới, của chủ nghĩa Mác - Lênin được xác lập bởi Cách mạng Tháng Mười Nga.","GT 2021, tr. 185"
ch5-b2-04,ch5-b2,dung-sai,1,Nhận định: Hồ Chí Minh sớm xác định cách mạng Việt Nam là một bộ phận của cách mạng thế giới.,,,,,dung,Người xác định như vậy ngay từ khi tìm thấy con đường cứu nước.,"GT 2021, tr. 185"
ch5-b2-05,ch5-b2,mot-dap-an,2,Các đảng cộng sản phải chống những khuynh hướng nào để tăng cường đoàn kết quốc tế?,"Chủ nghĩa cơ hội, chủ nghĩa vị kỷ dân tộc, chủ nghĩa sôvanh","Chủ nghĩa yêu nước, chủ nghĩa nhân đạo",Chủ nghĩa Mác - Lênin,Chủ nghĩa hòa bình,A,"Đó là các khuynh hướng làm suy yếu sức mạnh đoàn kết, thống nhất các lực lượng cách mạng thế giới.","GT 2021, tr. 187"
ch5-b2-06,ch5-b2,mot-dap-an,2,Lực lượng đoàn kết quốc tế trong tư tưởng Hồ Chí Minh gồm những phong trào nào?,"Phong trào cộng sản và công nhân quốc tế; phong trào giải phóng dân tộc; phong trào hòa bình, dân chủ thế giới",Chỉ phong trào cộng sản,Chỉ phong trào tôn giáo,Chỉ phong trào tư bản,A,Đó là ba lực lượng được giáo trình nêu.,"GT 2021, tr. 188"
ch5-b2-07,ch5-b2,mot-dap-an,2,Tinh thần nào được nêu khi Hồ Chí Minh nói về sự đoàn kết của lao động toàn thế giới?,"""Bốn phương vô sản đều là anh em""","""Nhất tự vi sư""","""Có công mài sắt""","""Uống nước nhớ nguồn""",A,Chỉ có sức mạnh đoàn kết theo tinh thần này mới chống được âm mưu của chủ nghĩa đế quốc thực dân.,"GT 2021, tr. 189"
ch5-b2-08,ch5-b2,mot-dap-an,3,"Hồ Chí Minh lưu ý Quốc tế Cộng sản làm gì để đặt cơ sở cho một ""Liên minh phương Đông"" tương lai?",Làm cho các dân tộc thuộc địa hiểu biết nhau hơn và đoàn kết lại,Cấm các dân tộc thuộc địa gặp nhau,Chia rẽ các dân tộc,Bỏ phong trào giải phóng,A,Người lưu ý Quốc tế Cộng sản về các biện pháp này.,"GT 2021, tr. 189"
ch5-b2-09,ch5-b2,mot-dap-an,2,"Từ năm 1924, Hồ Chí Minh đưa ra quan điểm thành lập mặt trận nào?",Mặt trận thống nhất của nhân dân chính quốc và thuộc địa,Mặt trận Việt Minh,Mặt trận Liên Việt,Mặt trận Tổ quốc,A,Quan điểm này nhằm chống chủ nghĩa đế quốc.,"GT 2021, tr. 191"
ch5-b2-10,ch5-b2,mot-dap-an,2,"Năm 1941, Đảng quyết định thành lập mặt trận nào, đồng thời giúp Lào và Campuchia lập mặt trận yêu nước?",Mặt trận Việt Nam Độc lập đồng minh (Việt Minh),Mặt trận Liên Việt,Mặt trận Dân chủ Đông Dương,Hội Phản đế đồng minh,A,Đó là nội dung được giáo trình nêu.,"GT 2021, tr. 191"
ch5-b2-11,ch5-b2,mot-dap-an,2,Hội Liên hiệp các dân tộc bị áp bức mà Hồ Chí Minh tham gia sáng lập được thành lập ở đâu?,Trung Quốc,Pháp,Mỹ,Liên Xô,A,Người tham gia sáng lập Hội Liên hiệp các dân tộc bị áp bức tại Trung Quốc.,"GT 2021, tr. 192"
ch5-b2-12,ch5-b2,sap-xep,3,Sắp xếp bốn tầng mặt trận theo thứ tự trong giáo trình.,Mặt trận nhân dân Á - Phi đoàn kết với Việt Nam,Mặt trận nhân dân thế giới đoàn kết với Việt Nam chống đế quốc xâm lược,Mặt trận đại đoàn kết dân tộc,Mặt trận đoàn kết Việt Nam - Lào - Campuchia,"C,D,A,B",Thứ tự: dân tộc; Việt Nam - Lào - Campuchia; Á - Phi; thế giới.,"GT 2021, tr. 193"
ch5-b2-13,ch5-b2,mot-dap-an,2,Nguyên tắc thứ nhất của đoàn kết quốc tế là gì?,"Đoàn kết trên cơ sở thống nhất mục tiêu và lợi ích, có lý, có tình",Đoàn kết trên cơ sở tuân theo tuyệt đối,Đoàn kết chỉ vì lợi ích kinh tế,Đoàn kết chỉ vì quân sự,A,Đó là nguyên tắc thứ nhất được giáo trình nêu.,"GT 2021, tr. 193"
ch5-b2-14,ch5-b2,mot-dap-an,2,Chính sách đối ngoại của Việt Nam được Hồ Chí Minh tuyên bố tháng 9/1947 với nhà báo Mỹ là gì?,Làm bạn với tất cả mọi nước dân chủ và không gây thù oán với một ai,Chỉ làm bạn với nước lớn,Không làm bạn với ai,Chỉ làm bạn với nước láng giềng,A,Đó là chính sách đối ngoại Người tuyên bố khi trả lời nhà báo Mỹ S. Êli Mâysi.,"GT 2021, tr. 194"
ch5-b2-15,ch5-b2,mot-dap-an,2,Nền hòa bình mà Hồ Chí Minh đấu tranh là nền hòa bình như thế nào?,"""Một nền hòa bình chân chính xây trên công bình và lý tưởng dân chủ""",Hòa bình bằng mọi giá,Hòa bình trừu tượng,Hòa bình do đế quốc ban phát,A,"Người đấu tranh cho nền hòa bình thật sự trong độc lập, tự do.","GT 2021, tr. 195"
ch5-b2-16,ch5-b2,mot-dap-an,2,"Khẩu hiệu nào được Hồ Chí Minh nêu cao trong nguyên tắc độc lập, tự chủ?","Tự lực cánh sinh, dựa vào sức mình là chính",Chờ đợi viện trợ,Dựa hoàn toàn vào ngoại lực,Nhờ vả nước lớn,A,Nội lực là nhân tố quyết định; ngoại lực chỉ phát huy thông qua nội lực.,"GT 2021, tr. 196"
ch5-b2-17,ch5-b2,mot-dap-an,3,"Theo Hồ Chí Minh, trong quan hệ quốc tế thực lực là gì, ngoại giao là gì?","Thực lực là cái chiêng, ngoại giao là cái tiếng","Thực lực là cái tiếng, ngoại giao là cái chiêng","Thực lực là cái mũ, ngoại giao là cái áo",Thực lực và ngoại giao không liên quan,A,Người nói: chiêng có to tiếng mới lớn.,"GT 2021, tr. 197"
ch5-b2-18,ch5-b2,mot-dap-an,2,"Trong quan hệ giữa các đảng cộng sản, Hồ Chí Minh xác định các đảng dù lớn dù nhỏ thế nào?","Đều độc lập và bình đẳng, đồng thời đoàn kết nhất trí giúp đỡ lẫn nhau",Đảng lớn chỉ đạo đảng nhỏ,Đảng nhỏ phục tùng đảng lớn,Không cần quan hệ,A,Đó là lời Người xác định trong quan hệ giữa các đảng.,"GT 2021, tr. 197"
ch5-b3-01,ch5-b3,mot-dap-an,2,Nghị quyết số 07-NQ/TW ngày 2/11/1993 của Bộ Chính trị khóa VII nói về vấn đề gì?,Về đại đoàn kết dân tộc và tăng cường Mặt trận dân tộc thống nhất,Về kinh tế thị trường,Về giáo dục,Về quốc phòng,A,Nghị quyết đã kế thừa và phát triển tư tưởng Hồ Chí Minh về đại đoàn kết trong sự nghiệp đổi mới.,"GT 2021, tr. 198"
ch5-b3-02,ch5-b3,mot-dap-an,2,Đại hội nào của Đảng (tháng 6/1996) đặt vấn đề đại đoàn kết toàn dân tộc ở một tầm cao mới?,Đại hội VIII,Đại hội II,Đại hội IV,Đại hội VI,A,"Tại Đại hội VIII (tháng 6/1996), vấn đề này được đặt ở tầm cao mới.","GT 2021, tr. 198"
ch5-b3-03,ch5-b3,mot-dap-an,2,Đại hội XII khẳng định đại đoàn kết dân tộc là gì?,"Đường lối chiến lược của cách mạng Việt Nam, động lực và nguồn lực to lớn trong xây dựng và bảo vệ Tổ quốc",Sách lược nhất thời,Chỉ khẩu hiệu,Chỉ nhiệm vụ của một tổ chức,A,Đó là khẳng định của Đại hội XII.,"GT 2021, tr. 199"
ch5-b3-04,ch5-b3,mot-dap-an,2,Ngày nay sức mạnh của khối đại đoàn kết toàn dân tộc phải là sức mạnh để làm gì?,Chiến thắng nghèo nàn và lạc hậu,Chỉ chống ngoại xâm,Chỉ khai thác tài nguyên,Chỉ mở rộng lãnh thổ,A,"Trước đây là sức mạnh chiến thắng giặc ngoại xâm; hiện nay là chiến thắng nghèo nàn, lạc hậu.","GT 2021, tr. 198"
ch5-b3-05,ch5-b3,sap-xep,3,Sắp xếp các tuyên bố về quan hệ đối ngoại của Đảng theo thứ tự Đại hội từ sớm đến muộn.,"""Là bạn và đối tác tin cậy"" (Đại hội IX)","""Muốn là bạn"" (Đại hội VII)","""Sẵn sàng là bạn"" (Đại hội VIII)",,"B,C,A","Thứ tự: Đại hội VII ""muốn là bạn""; Đại hội VIII ""sẵn sàng là bạn""; Đại hội IX ""là bạn và đối tác tin cậy"".","GT 2021, tr. 200"
ch5-b3-06,ch5-b3,dung-sai,2,"Nhận định: Mặt trận dân tộc thống nhất càng rộng rãi thì liên minh công - nông - trí càng mạnh, sự lãnh đạo của Đảng càng vững.",,,,,dung,Giáo trình nêu điều đó qua lịch sử cách mạng Việt Nam.,"GT 2021, tr. 201"
ch5-b3-07,ch5-b3,mot-dap-an,2,"Mặt trận Tổ quốc và các đoàn thể nhân dân cần làm vai trò gì giữa Đảng, Nhà nước và nhân dân?",Cầu nối,Rào cản,Người thay thế Nhà nước,Người đứng ngoài,A,"Đại hội XII nêu Mặt trận làm tốt vai trò cầu nối giữa Đảng, Nhà nước và nhân dân.","GT 2021, tr. 202"
ch5-b3-08,ch5-b3,mot-dap-an,2,Mặt trận Tổ quốc và các đoàn thể nhân dân chủ động tham gia điều gì?,Giám sát và phản biện xã hội,Bãi bỏ pháp luật,Ngừng hoạt động,Giải thể,A,Đại hội XII nêu như vậy.,"GT 2021, tr. 202"
ch5-b3-09,ch5-b3,mot-dap-an,2,Vấn đề đầu tiên trong năm vấn đề tăng cường khối đại đoàn kết toàn dân tộc là gì?,Đẩy mạnh tuyên truyền để nhận thức sâu sắc sự cần thiết phải tăng cường khối đại đoàn kết,Tăng thuế,Thu hẹp đoàn kết,Bỏ quan hệ với nhân dân,A,Đó là vấn đề thứ nhất.,"GT 2021, tr. 202"
ch5-b3-10,ch5-b3,mot-dap-an,2,Cần kiên quyết đấu tranh với gì để bảo vệ khối đại đoàn kết toàn dân tộc?,"Các quan điểm sai trái, thù địch, phá hoại, chia rẽ",Các ý kiến đóng góp,Mọi sự khác biệt,Mọi hoạt động của nhân dân,A,Đó là vấn đề thứ năm.,"GT 2021, tr. 202"
ch5-b3-11,ch5-b3,mot-dap-an,3,Cách mạng Việt Nam được coi như thế nào so với cách mạng thế giới trong giai đoạn hiện nay?,Một bộ phận không thể tách rời,Hoàn toàn tách biệt,Đối lập,Không liên quan,A,Giáo trình nêu nhất quán coi cách mạng Việt Nam là một bộ phận không thể tách rời của cách mạng thế giới.,"GT 2021, tr. 203"
ch5-b3-12,ch5-b3,mot-dap-an,2,"Để nâng cao hiệu quả hợp tác quốc tế, Đảng và Nhà nước nêu cao nguyên tắc nào?","Độc lập tự chủ, tự lực, tự cường",Phụ thuộc hoàn toàn,Chờ đợi giúp đỡ,Cô lập,A,"Trên cơ sở sức mạnh bên trong mà tranh thủ sự đồng tình, ủng hộ của lực lượng bên ngoài.","GT 2021, tr. 203"
ch5-b3-13,ch5-b3,mot-dap-an,2,Bài học thứ hai về đoàn kết quốc tế được giáo trình nêu là gì?,"Mở cửa, hội nhập quốc tế, là bạn của tất cả các nước, đồng thời tham gia những vấn đề toàn cầu",Đóng cửa hoàn toàn,Chỉ hợp tác với một nước,Không tham gia vấn đề toàn cầu,A,Đó là bài học thứ hai.,"GT 2021, tr. 203"
ch5-b3-14,ch5-b3,mot-dap-an,2,Bài học thứ tư về đoàn kết quốc tế là gì?,"Xây dựng Đảng trong sạch, vững mạnh làm hạt nhân đoàn kết toàn dân tộc và đoàn kết quốc tế",Giảm vai trò Đảng,Chỉ tập trung kinh tế,Bỏ đoàn kết,A,"Tiếp tục đổi mới và chỉnh đốn Đảng, nâng cao năng lực lãnh đạo và sức chiến đấu.","GT 2021, tr. 204"
ch5-b3-15,ch5-b3,dung-sai,2,"Nhận định: Bài học về đoàn kết quốc tế có mục tiêu là dân giàu, nước mạnh, dân chủ, xã hội công bằng, văn minh.",,,,,dung,Bài học thứ nhất là làm rõ đoàn kết để thực hiện mục tiêu cách mạng trong giai đoạn hiện nay.,"GT 2021, tr. 203"
ch5-b3-16,ch5-b3,mot-dap-an,2,Mục tiêu về kiến thức của Chương 5 là gì?,"Quan điểm cơ bản về đại đoàn kết toàn dân tộc, đoàn kết quốc tế, kết hợp sức mạnh dân tộc với sức mạnh thời đại và sự vận dụng của Đảng vào đổi mới",Chỉ học lịch sử quân sự,Chỉ học kinh tế,Chỉ học ngoại ngữ,A,"Đó là mục tiêu ""Về kiến thức"" của Chương 5.","GT 2021, tr. 169"
ch5-ex-01,ch5,mot-dap-an,2,Mục tiêu về tư tưởng của Chương 5 là gì?,"Củng cố niềm tin vào khối đại đoàn kết toàn dân tộc, đoàn kết quốc tế và sự kết hợp sức mạnh dân tộc với sức mạnh thời đại trong sự nghiệp đổi mới",Xem nhẹ đoàn kết,Bỏ qua hội nhập,Chỉ tin nội lực,A,"Đó là mục tiêu ""Về tư tưởng"".","GT 2021, tr. 169"
ch5-ex-02,ch5,dung-sai,2,"Nhận định: Đoàn kết quốc tế trong tư tưởng Hồ Chí Minh là vấn đề có tính nguyên tắc, không phải sách lược nhất thời.",,,,,dung,"Giáo trình nêu đoàn kết quốc tế không phải là vấn đề sách lược, một thủ đoạn chính trị nhất thời mà là vấn đề có tính nguyên tắc.","GT 2021, tr. 190-191"
ch5-ex-03,ch5,mot-dap-an,2,Đại đoàn kết toàn dân tộc là gì đối với cách mạng theo Hồ Chí Minh?,"Vấn đề có ý nghĩa chiến lược, quyết định thành công của cách mạng",Vấn đề phụ,Vấn đề tạm thời,Vấn đề chỉ của một giai cấp,A,Đây là tiêu đề mục 1a của Chương 5.,"GT 2021, tr. 170"
ch5-ex-04,ch5,mot-dap-an,2,Khối đại đoàn kết chỉ trở thành lực lượng to lớn khi được tập hợp thành tổ chức nào?,Mặt trận dân tộc thống nhất,Đội quân chính quy,Hội đồng bộ trưởng,Đại hội đồng,A,Khối đại đoàn kết được tổ chức thành mặt trận dân tộc thống nhất.,"GT 2021, tr. 177"
ch6-b1-01,ch6-b1,mot-dap-an,1,UNESCO ghi nhận Hồ Chí Minh là gì?,"Anh hùng giải phóng dân tộc, Nhà văn hóa kiệt xuất Việt Nam",Nhà khoa học lớn của thế giới,Nhà kinh tế học kiệt xuất,Nhà ngoại giao trẻ,A,Nghị quyết 24C/18.6.5 của UNESCO ghi nhận như vậy.,"GT 2021, tr. 206"
ch6-b1-02,ch6-b1,mot-dap-an,2,Nghị quyết ghi nhận Hồ Chí Minh là Nhà văn hóa kiệt xuất được thông qua ở Khóa họp nào của Đại Hội đồng UNESCO?,Khóa họp 24 (1987),Khóa họp 10 (1945),Khóa họp 30 (1999),Khóa họp 5 (1950),A,Khóa họp 24 diễn ra từ 20/10 đến 20/11/1987.,"GT 2021, tr. 206"
ch6-b1-03,ch6-b1,dung-sai,1,"Nhận định: Theo Nghị quyết của UNESCO, tư tưởng của Hồ Chí Minh là sự kết tinh truyền thống văn hóa hàng ngàn năm của dân tộc Việt Nam.",,,,,dung,Đây là nội dung được Nghị quyết khẳng định.,"GT 2021, tr. 206"
ch6-b1-04,ch6-b1,mot-dap-an,2,Nền văn hóa mà Hồ Chí Minh chủ trương kết hợp những gì?,Truyền thống tốt đẹp của văn hóa dân tộc với tinh hoa văn hóa nhân loại,Chỉ văn hóa phương Tây,Chỉ văn hóa truyền thống,Chỉ văn hóa của giai cấp thống trị,A,Văn hóa phải thấm nhuần chủ nghĩa yêu nước và chủ nghĩa quốc tế chân chính.,"GT 2021, tr. 206-207"
ch6-b1-05,ch6-b1,mot-dap-an,1,Hồ Chí Minh có bao nhiêu cách tiếp cận chủ yếu về văn hóa?,Bốn,Hai,Ba,Năm,A,Giáo trình nêu bốn cách tiếp cận chủ yếu.,"GT 2021, tr. 207"
ch6-b1-06,ch6-b1,mot-dap-an,2,Quan niệm về văn hóa theo nghĩa rộng được Hồ Chí Minh nêu vào thời điểm nào?,"Tháng 8/1943, khi còn ở trong nhà tù của Tưởng Giới Thạch",Năm 1911 ở Pháp,Năm 1954 ở Hà Nội,Năm 1969 khi viết Di chúc,A,Người đưa ra quan niệm này khi còn ở trong nhà tù Tưởng Giới Thạch.,"GT 2021, tr. 207"
ch6-b1-07,ch6-b1,mot-dap-an,2,"Theo Hồ Chí Minh, văn hóa là gì (nghĩa rộng)?",Sự tổng hợp của mọi phương thức sinh hoạt cùng với biểu hiện của nó mà loài người sản sinh ra nhằm thích ứng nhu cầu đời sống và đòi hỏi của sự sinh tồn,Chỉ hoạt động văn nghệ,Chỉ việc học chữ,Chỉ phong tục lễ hội,A,Toàn bộ sáng tạo và phát minh của loài người là văn hóa.,"GT 2021, tr. 208"
ch6-b1-08,ch6-b1,dung-sai,2,Nhận định: Quan niệm văn hóa theo nghĩa rộng năm 1943 là quan niệm duy nhất theo nghĩa rộng của Hồ Chí Minh; sau Cách mạng Tháng Tám Người bàn đến văn hóa theo nghĩa hẹp.,,,,,dung,Giáo trình nêu như vậy.,"GT 2021, tr. 208"
ch6-b1-09,ch6-b1,mot-dap-an,2,Bốn vấn đề quan trọng ngang nhau và tác động qua lại trong đời sống theo Hồ Chí Minh là gì?,"Chính trị, kinh tế, văn hóa, xã hội","Quân sự, ngoại giao, giáo dục, y tế","Nông nghiệp, công nghiệp, thương mại, du lịch","Tôn giáo, luật pháp, nghệ thuật, thể thao",A,Đây là bốn vấn đề Người coi là quan trọng ngang nhau.,"GT 2021, tr. 208"
ch6-b1-10,ch6-b1,mot-dap-an,2,"Ở nước thuộc địa, điều gì được coi là sự giải phóng chính trị để mở đường cho văn hóa phát triển?","Cách mạng giải phóng dân tộc, giành độc lập, xóa ách nô lệ",Phát triển thương mại,Mở rộng trường học,Xây dựng nhà hát,A,Đó là sự giải phóng chính trị mở đường cho văn hóa.,"GT 2021, tr. 208"
ch6-b1-11,ch6-b1,dung-sai,2,Nhận định: Văn hóa thuộc kiến trúc thượng tầng nên hoàn toàn phụ thuộc vào kinh tế và không có tác động trở lại kinh tế.,,,,,sai,Văn hóa không hoàn toàn phụ thuộc kinh tế mà có vai trò tác động tích cực trở lại kinh tế.,"GT 2021, tr. 209"
ch6-b1-12,ch6-b1,mot-dap-an,2,"Về nội dung, bản sắc văn hóa dân tộc thể hiện ở điều gì?","Lòng yêu nước, thương nòi; tinh thần độc lập, tự cường, tự tôn dân tộc",Chỉ ở trang phục,Chỉ ở ẩm thực,Chỉ ở kiến trúc,A,"Về hình thức, cốt cách văn hóa biểu hiện ở ngôn ngữ, phong tục, tập quán, lễ hội.","GT 2021, tr. 210"
ch6-b1-13,ch6-b1,mot-dap-an,1,"Câu ""Dân ta phải biết sử ta, cho tường gốc tích nước nhà Việt Nam"" nhấn mạnh điều gì?","Trách nhiệm trân trọng, giữ gìn giá trị văn hóa và lịch sử dân tộc",Chỉ học sử nước ngoài,Bỏ qua truyền thống,Chỉ học ngoại ngữ,A,Người dạy phải biết lịch sử dân tộc mình.,"GT 2021, tr. 210"
ch6-b1-14,ch6-b1,mot-dap-an,2,Tiếp biến văn hóa là gì?,"Tiếp nhận và biến đổi, một quy luật của văn hóa",Từ chối mọi văn hóa nước ngoài,Sao chép nguyên vẹn,Xóa bỏ văn hóa cũ,A,Giáo trình nêu tiếp biến văn hóa là quy luật của văn hóa.,"GT 2021, tr. 211"
ch6-b1-15,ch6-b1,mot-dap-an,2,Mối quan hệ giữa giữ gìn bản sắc dân tộc và tiếp thu văn hóa nhân loại là gì?,Phải lấy văn hóa dân tộc làm gốc,Lấy văn hóa nước ngoài làm gốc,Hai việc không liên quan,"Chỉ giữ gìn, không tiếp thu",A,"Văn hóa dân tộc là điều kiện, cơ sở để tiếp thu văn hóa nhân loại.","GT 2021, tr. 212"
ch6-b1-16,ch6-b1,mot-dap-an,2,Tiêu chí tiếp thu văn hóa nhân loại theo Hồ Chí Minh là gì?,"Có cái gì hay, cái gì tốt thì ta học lấy",Cái gì mới thì học,Cái gì đắt thì học,Cái gì của nước lớn thì học,A,"Nội dung tiếp thu toàn diện gồm Đông, Tây, kim, cổ.","GT 2021, tr. 212"
ch6-b1-17,ch6-b1,mot-dap-an,2,Ba trụ cột của xã hội phát triển bền vững mà Hồ Chí Minh đặt cơ sở là gì?,"Kinh tế, xã hội, môi trường","Chính trị, quân sự, ngoại giao","Nông nghiệp, công nghiệp, dịch vụ","Văn hóa, giáo dục, y tế",A,Đó là ba trụ cột của phát triển bền vững.,"GT 2021, tr. 213"
ch6-b1-18,ch6-b1,mot-dap-an,2,Văn hóa giáo dục có sứ mệnh nào theo Hồ Chí Minh?,"""Trồng người"": đào tạo con người mới, cán bộ mới",Chỉ dạy nghề,Chỉ giảm chi phí,Chỉ nghiên cứu,A,"Văn hóa giáo dục diệt giặc dốt, xóa mù chữ và đào tạo nguồn nhân lực.","GT 2021, tr. 214"
ch6-b1-19,ch6-b1,mot-dap-an,2,"Theo Hồ Chí Minh, văn nghệ sĩ là gì trên mặt trận văn hóa?","Chiến sĩ, có nhiệm vụ phụng sự Tổ quốc, phục vụ nhân dân",Khán giả,Nhà thương mại,Người đứng ngoài chính trị,A,"Ngòi bút là vũ khí sắc bén trong sự nghiệp ""phò chính trừ tà"".","GT 2021, tr. 215"
ch6-b1-20,ch6-b1,mot-dap-an,2,"Phương châm ""từ trong quần chúng ra. Về sâu trong quần chúng"" nói về điều gì?",Văn hóa phục vụ quần chúng nhân dân,Văn hóa bí mật,Văn hóa chỉ dành cho giới tinh hoa,Văn hóa nước ngoài,A,"Tư tưởng văn hóa của Người vì nhân dân, phục vụ nhân dân.","GT 2021, tr. 216"
ch6-b1-21,ch6-b1,dung-sai,2,"Nhận định: Quần chúng chỉ là người hưởng thụ văn hóa, không thể sáng tác hay thẩm định sản phẩm văn nghệ.",,,,,sai,"Quần chúng là những người sáng tác rất hay, đồng thời thẩm định khách quan sản phẩm văn nghệ và là người hưởng thụ giá trị văn hóa.","GT 2021, tr. 217"
ch6-b1-22,ch6-b1,sap-xep,3,Sắp xếp các giai đoạn xây dựng nền văn hóa mới theo thứ tự thời gian trong giáo trình.,"Kháng chiến chống thực dân Pháp: dân tộc, khoa học, đại chúng",Thời kỳ xây dựng chủ nghĩa xã hội: nội dung xã hội chủ nghĩa và tính chất dân tộc,Trước Cách mạng Tháng Tám 1945: năm nội dung xây dựng văn hóa dân tộc,"Tóm lại: nền văn hóa toàn diện, giữ cốt cách dân tộc, khoa học, tiến bộ, nhân văn","C,A,B,D",Giáo trình trình bày lần lượt các giai đoạn rồi tóm lại.,"GT 2021, tr. 217-218"
ch6-b2-01,ch6-b2,mot-dap-an,1,Hồ Chí Minh khẳng định đạo đức là gì đối với người cách mạng?,"Là gốc, là nền tảng",Là điều phụ,Là sở thích cá nhân,Chỉ cần với người lớn tuổi,A,"Người ví đạo đức như gốc của cây, ngọn nguồn của sông.","GT 2021, tr. 218"
ch6-b2-02,ch6-b2,mot-dap-an,2,"Trong tác phẩm nào Người viết ""Cũng như sông thì có nguồn mới có nước... Cây phải có gốc""?",Sửa đổi lối làm việc (1947),Đường cách mệnh (1927),Bản án chế độ thực dân Pháp,Nhật ký trong tù,A,Người viết như vậy để nêu vai trò của đạo đức.,"GT 2021, tr. 218"
ch6-b2-03,ch6-b2,mot-dap-an,2,Câu nào thể hiện vai trò của đạo đức đối với cán bộ?,Cán bộ lấy đạo đức làm cốt cán,Cán bộ lấy tiền làm cốt cán,Cán bộ lấy quyền làm cốt cán,Cán bộ lấy tuổi tác làm cốt cán,A,"""Việc nước lấy Đoàn thể làm cốt cán. Việc Đoàn thể lấy cán bộ làm cốt cán. Cán bộ lấy đạo đức làm cốt cán.""","GT 2021, tr. 220"
ch6-b2-04,ch6-b2,dung-sai,1,"Nhận định: Theo Hồ Chí Minh, thiếu đạo đức thì dù có tài cũng vô dụng, thậm chí có hại.",,,,,dung,"Đức và tài phải thống nhất, trong đó đức là gốc.","GT 2021, tr. 221-222"
ch6-b2-05,ch6-b2,mot-dap-an,2,"Trong quan hệ đức và tài, Hồ Chí Minh xác định điều gì?","Đức là gốc, tài phải đặt trên nền tảng đạo đức",Tài quan trọng hơn đức,Đức và tài không liên quan,Chỉ cần tài,A,"Đức là tiêu chuẩn cho mục đích hành động, tài là phương tiện thực hiện mục đích đó.","GT 2021, tr. 221-222"
ch6-b2-06,ch6-b2,mot-dap-an,2,"Phẩm chất bao trùm, quan trọng nhất, chi phối các phẩm chất đạo đức khác là gì?","Trung với nước, hiếu với dân","Cần, kiệm",Thương yêu con người,Tinh thần quốc tế,A,Giáo trình nêu đây là phẩm chất bao trùm quan trọng nhất.,"GT 2021, tr. 223"
ch6-b2-07,ch6-b2,mot-dap-an,2,"Đạo đức cũ ""trung với vua, hiếu với cha mẹ"" được Hồ Chí Minh đổi thành gì?","Trung với nước, hiếu với dân","Trung với Đảng, hiếu với gia đình","Trung với vua, hiếu với dân","Trung với bạn, hiếu với thầy",A,"Người đưa vào nội dung mới, rộng lớn, tạo nên cuộc cách mạng trong lĩnh vực đạo đức.","GT 2021, tr. 223"
ch6-b2-08,ch6-b2,mot-dap-an,2,Đảng và Chính phủ được Hồ Chí Minh xác định là gì?,"Đầy tớ của nhân dân, không phải ""quan nhân dân""",Người ban ơn cho dân,Người đứng trên dân,Người đại diện chỉ một giai cấp,A,Quan niệm về nước và dân đã hoàn toàn đảo lộn so với trước.,"GT 2021, tr. 224"
ch6-b2-09,ch6-b2,mot-dap-an,2,"Đức ""Cần"" theo Hồ Chí Minh nghĩa là gì?","Siêng năng, chăm chỉ, lao động có kế hoạch, sáng tạo, năng suất cao",Chỉ làm việc nhẹ,Chỉ làm thêm giờ,Chỉ chờ cấp trên giao việc,A,"Lao động là nghĩa vụ thiêng liêng, là nguồn sống, nguồn hạnh phúc.","GT 2021, tr. 226"
ch6-b2-10,ch6-b2,mot-dap-an,2,"Hồ Chí Minh nói ""Cần với Kiệm phải đi đôi với nhau, như..."" gì?",Hai chân của con người,Hai tay của con người,Hai mắt của con người,Hai mùa của năm,A,Tiết kiệm không phải là bủn xỉn.,"GT 2021, tr. 226"
ch6-b2-11,ch6-b2,mot-dap-an,2,"Đức ""Liêm"" là gì?","Trong sạch, không tham địa vị, tiền tài, sung sướng, không ham người tâng bốc mình",Chỉ biết tiết kiệm,Chỉ biết làm việc chăm chỉ,Chỉ biết nghe lời,A,"Chỉ có một thứ ham: ham học, ham làm, ham tiến bộ.","GT 2021, tr. 227"
ch6-b2-12,ch6-b2,mot-dap-an,3,"Đức ""Chính"" thể hiện trong ba mối quan hệ nào?","Đối với mình, đối với người, đối với việc","Đối với gia đình, họ hàng, bạn bè","Đối với vua, quan, dân","Đối với Đảng, Nhà nước, đoàn thể",A,"Chính nghĩa là không tà, thẳng thắn, đứng đắn.","GT 2021, tr. 227"
ch6-b2-13,ch6-b2,mot-dap-an,2,Chí công vô tư là gì?,"Hoàn toàn vì lợi ích chung, không vì tư lợi, công bằng, chống chủ nghĩa cá nhân",Ưu tiên lợi ích của bản thân,Chỉ làm việc công khi có lợi,Làm việc mà không cần quy tắc,A,"Là ""lo trước thiên hạ, vui sau thiên hạ"".","GT 2021, tr. 228"
ch6-b2-14,ch6-b2,mot-dap-an,2,"Hồ Chí Minh coi cần, kiệm, liêm, chính giống như điều gì?","Bốn mùa của trời, bốn phương của đất: thiếu một đức thì không thành người",Bốn cánh của một chiếc quạt,Bốn trụ của một ngôi nhà,Bốn ngọn núi,A,"""Thiếu một đức, thì không thành người.""","GT 2021, tr. 229"
ch6-b2-15,ch6-b2,dung-sai,2,"Nhận định: Tình thương yêu con người theo Hồ Chí Minh là thái độ ""dĩ hòa vi quý"", không nghiêm khắc với sai lầm của ai.",,,,,sai,"Tình thương yêu đòi hỏi nghiêm khắc với mình, độ lượng với người, nâng con người lên, không phải ""dĩ hòa vi quý"", không hạ thấp hay vùi dập con người.","GT 2021, tr. 230"
ch6-b2-16,ch6-b2,mot-dap-an,2,"Câu thơ ""Bốn phương vô sản đều là anh em"" thể hiện điều gì?",Tinh thần quốc tế trong sáng,Chủ nghĩa biệt lập,Chủ nghĩa dân tộc hẹp hòi,Chủ nghĩa bành trướng,A,Đó là tinh thần đoàn kết quốc tế của Hồ Chí Minh.,"GT 2021, tr. 232"
ch6-b2-17,ch6-b2,mot-dap-an,2,Nguyên tắc quan trọng bậc nhất trong xây dựng nền đạo đức mới là gì?,"Nói đi đôi với làm, nêu gương về đạo đức",Nói nhiều làm ít,Nói hay làm dở,Chỉ nói mà không làm,A,Nguyên tắc này đối lập với thói đạo đức giả.,"GT 2021, tr. 232-233"
ch6-b2-18,ch6-b2,mot-dap-an,2,"Đối với các dân tộc phương Đông, giá trị của một tấm gương sống so với diễn văn tuyên truyền như thế nào?",Có giá trị hơn một trăm bài diễn văn tuyên truyền,Ngang một bài diễn văn,Kém một bài diễn văn,Không có giá trị,A,Các dân tộc phương Đông giàu tình cảm.,"GT 2021, tr. 234"
ch6-b2-19,ch6-b2,mot-dap-an,2,"Nguyên tắc ""xây đi đôi với chống"" nghĩa là gì?","Xây dựng giá trị mới đồng thời chống hành vi vô đạo đức, lấy xây làm chính","Chỉ xây, không chống","Chỉ chống, không xây",Chống là chính,A,"Xây phải đi đôi với chống, chống nhằm mục đích xây.","GT 2021, tr. 236"
ch6-b2-20,ch6-b2,mot-dap-an,2,"Theo Hồ Chí Minh, nguồn gốc của mọi thứ tệ nạn là gì?",Chủ nghĩa cá nhân,Thiếu ngân sách,Thiếu trường học,Thời tiết,A,"Người viết trong bài Nâng cao đạo đức cách mạng, quét sạch chủ nghĩa cá nhân.","GT 2021, tr. 238"
ch6-b2-21,ch6-b2,mot-dap-an,2,"Câu ""ngọc càng mài càng sáng, vàng càng luyện càng trong"" nói về điều gì?",Đạo đức cách mạng cần rèn luyện bền bỉ hằng ngày,Ngọc và vàng là tài sản quý,Đạo đức có sẵn từ khi sinh ra,Đạo đức không cần rèn luyện,A,Đạo đức cách mạng không phải trên trời sa xuống.,"GT 2021, tr. 240"
ch6-b2-22,ch6-b2,sap-xep,3,Sắp xếp bốn chuẩn mực đạo đức cách mạng theo thứ tự trình bày của giáo trình (a đến d).,"Thương yêu con người, sống có tình có nghĩa","Cần, kiệm, liêm, chính, chí công vô tư","Trung với nước, hiếu với dân",Tinh thần quốc tế trong sáng,"C,B,A,D",Thứ tự các chuẩn mực: a) trung - hiếu; b) cần kiệm liêm chính chí công vô tư; c) thương yêu con người; d) tinh thần quốc tế.,"GT 2021, tr. 223-232"
ch6-b3-01,ch6-b3,mot-dap-an,1,"Theo Hồ Chí Minh, con người là một chỉnh thể thống nhất về những mặt nào?","Trí lực, tâm lực, thể lực",Chỉ thể lực,Chỉ trí tuệ,Chỉ tài sản,A,Con người còn đa dạng bởi các mối quan hệ cá nhân và xã hội.,"GT 2021, tr. 241"
ch6-b3-02,ch6-b3,dung-sai,1,"Nhận định: Theo Hồ Chí Minh, trong mỗi con người đều có tính tốt và tính xấu.",,,,,dung,Giáo trình nêu như vậy.,"GT 2021, tr. 241"
ch6-b3-03,ch6-b3,mot-dap-an,2,"Chữ ""người"" nghĩa rộng theo Hồ Chí Minh là gì?",Đồng bào cả nước; rộng hơn nữa là cả loài người,Chỉ gia đình,Chỉ bạn bè,Chỉ đồng nghiệp,A,"Nghĩa hẹp là gia đình, anh em, họ hàng, bè bạn.","GT 2021, tr. 241"
ch6-b3-04,ch6-b3,mot-dap-an,2,"Câu ""dân dĩ thực vi thiên"" nhấn mạnh điều gì?","Yếu tố sinh vật của con người: phải làm cho dân ăn no, mặc đủ",Chỉ tinh thần,Chỉ đạo đức,Chỉ luật pháp,A,"Dân chỉ biết rõ giá trị của tự do, độc lập khi được ăn no, mặc đủ.","GT 2021, tr. 241"
ch6-b3-05,ch6-b3,mot-dap-an,2,Hồ Chí Minh nhìn nhận con người như thế nào?,"Con người lịch sử - cụ thể, không phải con người trừu tượng",Con người phi lịch sử,Con người trừu tượng,Con người chỉ là cá nhân,A,"Xét theo giới tính, lứa tuổi, nghề nghiệp, chức vụ trong từng giai đoạn cụ thể.","GT 2021, tr. 242"
ch6-b3-06,ch6-b3,mot-dap-an,2,Con người là gì trong chiến lược cách mạng của Hồ Chí Minh?,Mục tiêu và động lực của cách mạng,Chỉ là phương tiện,Chỉ là nguồn lực phụ,Chỉ là đối tượng quản lý,A,Con người là chiến lược đầu tiên trong tư tưởng và hành động của Người.,"GT 2021, tr. 242"
ch6-b3-07,ch6-b3,mot-dap-an,2,Bốn giải phóng trong tư tưởng Hồ Chí Minh là gì?,"Giải phóng dân tộc, xã hội, giai cấp, con người","Giải phóng kinh tế, chính trị, quân sự, ngoại giao","Giải phóng đất đai, sản xuất, thương mại, thị trường","Giải phóng tư tưởng, văn hóa, tôn giáo, nghệ thuật",A,Giáo trình nêu bốn giải phóng này.,"GT 2021, tr. 242-243"
ch6-b3-08,ch6-b3,sap-xep,3,Sắp xếp bốn giải phóng theo thứ tự trình bày trong giáo trình.,Giải phóng giai cấp,Giải phóng con người,Giải phóng dân tộc,Giải phóng xã hội,"C,D,A,B","Thứ tự: dân tộc, xã hội, giai cấp, con người.","GT 2021, tr. 242-243"
ch6-b3-09,ch6-b3,mot-dap-an,2,Giải phóng con người là xóa bỏ điều gì?,"Áp bức, bóc lột, nô dịch và các điều kiện làm tha hóa con người",Chỉ nghèo đói,Chỉ thất học,Chỉ bệnh tật,A,"Để mỗi người được tự do, hạnh phúc, phát triển toàn diện.","GT 2021, tr. 243"
ch6-b3-10,ch6-b3,dung-sai,2,"Nhận định: Giải phóng dân tộc mở đường cho giải phóng xã hội, giải phóng giai cấp và giải phóng con người.",,,,,dung,Các giải phóng kết hợp chặt chẽ và nối tiếp nhau.,"GT 2021, tr. 244"
ch6-b3-11,ch6-b3,mot-dap-an,2,"Câu ""Trong bầu trời không gì quý bằng nhân dân"" thể hiện điều gì?","Con người là vốn quý nhất, là động lực của cách mạng",Tài nguyên thiên nhiên quý nhất,Vũ khí quý nhất,Tiền quý nhất,A,Người nhấn mạnh mọi việc đều do người làm ra.,"GT 2021, tr. 244"
ch6-b3-12,ch6-b3,mot-dap-an,2,Nhân dân sáng tạo ra lịch sử thông qua hoạt động nào?,"Lao động sản xuất, đấu tranh chính trị - xã hội, sáng tạo giá trị văn hóa",Chỉ chiến đấu,Chỉ học tập,Chỉ buôn bán,A,Nhân dân là những người sáng tạo chân chính ra lịch sử.,"GT 2021, tr. 244"
ch6-b3-13,ch6-b3,mot-dap-an,2,"Câu ""Vì lợi ích trăm năm thì phải trồng người"" nói về điều gì?","Xây dựng con người là công việc lâu dài, gian khổ, của văn hóa giáo dục",Trồng cây gây rừng,Việc ngắn hạn,Việc chỉ của nhà trường,A,"Đó là trách nhiệm của Đảng, Nhà nước, đoàn thể kết hợp tính tích cực của từng người.","GT 2021, tr. 245"
ch6-b3-14,ch6-b3,mot-dap-an,2,"Theo Hồ Chí Minh, muốn xây dựng chủ nghĩa xã hội trước hết cần có gì?",Những con người xã hội chủ nghĩa,Nhiều máy móc,Nhiều vốn,Nhiều đất,A,Việc xây dựng con người đặt ra ngay từ đầu và trong suốt tiến trình.,"GT 2021, tr. 246"
ch6-b3-15,ch6-b3,dung-sai,2,"Nhận định: Phải chờ kinh tế, văn hóa phát triển cao rồi mới xây dựng con người xã hội chủ nghĩa.",,,,,sai,Giáo trình nêu không phải chờ; việc xây dựng con người được đặt ra ngay từ đầu và suốt tiến trình.,"GT 2021, tr. 246"
ch6-b3-16,ch6-b3,mot-dap-an,2,Con người được xây dựng toàn diện theo Hồ Chí Minh là con người như thế nào?,"Vừa ""hồng"" vừa ""chuyên""","Chỉ ""hồng""","Chỉ ""chuyên""",Không cần đạo đức,A,"Có mục đích sống cao đẹp, bản lĩnh chính trị, đạo đức và năng lực làm chủ.","GT 2021, tr. 246-247"
ch6-b3-17,ch6-b3,mot-dap-an,2,"Tư tưởng ""mình vì mọi người, mọi người vì mình"" thuộc nội dung nào?","Ý thức làm chủ, tinh thần tập thể xã hội chủ nghĩa",Tinh thần cá nhân,Chủ nghĩa vị kỷ,Tính cạnh tranh,A,Là một trong những khía cạnh chủ yếu của xây dựng con người toàn diện.,"GT 2021, tr. 247"
ch6-b3-18,ch6-b3,mot-dap-an,2,Phương pháp xây dựng con người nhấn mạnh yếu tố nào trước hết?,"Mỗi người tự rèn luyện, tu dưỡng, kết hợp nêu gương, đặc biệt người đứng đầu",Chỉ dựa vào mệnh lệnh,Chỉ dựa vào hình phạt,Chỉ dựa vào tiền thưởng,A,"Người nhắc ""tu thân, chính tâm"" thì mới ""trị quốc, bình thiên hạ"" và ""tiên trách kỷ, hậu trách nhân"".","GT 2021, tr. 247-248"
ch6-b3-19,ch6-b3,mot-dap-an,2,"Hồ Chí Minh nói ""Hiền, dữ phải đâu là tính sẵn. Phần nhiều do..."" gì?",Giáo dục mà nên,Bẩm sinh mà có,Tiền bạc mà có,Dòng họ mà có,A,Giáo dục rất quan trọng trong xây dựng con người.,"GT 2021, tr. 248"
ch6-b3-20,ch6-b3,mot-dap-an,2,Các phong trào nào được nêu trong phương pháp xây dựng con người?,"""Thi đua yêu nước"", ""Người tốt việc tốt""","""Bình dân học vụ"" duy nhất","""Chống xâm lăng"" duy nhất","""Cải cách ruộng đất""",A,"Thông qua tổ chức Đảng, chính quyền, đoàn thể quần chúng.","GT 2021, tr. 248"
ch6-b4-01,ch6-b4,mot-dap-an,1,"Giáo trình nêu việc xây dựng văn hóa, đạo đức, con người qua bao nhiêu năm đổi mới đã đạt kết quả nhất định?",35 năm,10 năm,50 năm,5 năm,A,Nhưng vẫn còn nhiều khuyết điểm.,"GT 2021, tr. 248"
ch6-b4-02,ch6-b4,mot-dap-an,2,Đại hội XIII chỉ ra hạn chế nào của văn hóa?,Chưa được quan tâm tương xứng với kinh tế và chính trị,Đã quá được quan tâm,Không còn hạn chế,Chỉ thiếu thiết bị,A,"Văn hóa chưa thật sự trở thành nguồn lực, động lực nội sinh của phát triển bền vững.","GT 2021, tr. 249"
ch6-b4-03,ch6-b4,dung-sai,2,"Nhận định: Đại hội XIII nêu tình trạng suy thoái về tư tưởng chính trị, đạo đức, lối sống có chiều hướng gia tăng.",,,,,dung,"Vì vậy phải chú trọng hơn nữa xây dựng văn hóa, đạo đức, con người.","GT 2021, tr. 249"
ch6-b4-04,ch6-b4,mot-dap-an,2,Nghị quyết Hội nghị Trung ương 5 khóa VIII (7/1998) xác định văn hóa là gì?,"Nền tảng tinh thần của xã hội, vừa là mục tiêu vừa là động lực phát triển",Chỉ hoạt động giải trí,Lĩnh vực phụ,Chỉ để bảo tồn,A,"Nền văn hóa tiên tiến, đậm đà bản sắc dân tộc.","GT 2021, tr. 249-250"
ch6-b4-05,ch6-b4,mot-dap-an,2,Nền văn hóa mà Đảng xây dựng có đặc điểm nào?,"Tiên tiến, đậm đà bản sắc dân tộc",Thuần nhập ngoại,Chỉ giữ truyền thống,Không cần khoa học,A,Thống nhất mà đa dạng trong cộng đồng các dân tộc Việt Nam.,"GT 2021, tr. 250"
ch6-b4-06,ch6-b4,mot-dap-an,2,Câu khẳng định về vai trò sống còn của văn hóa trong giáo trình là gì?,"Văn hóa còn thì chế độ còn, văn hóa mất thì chế độ mất",Kinh tế còn thì văn hóa còn,Văn hóa không ảnh hưởng chế độ,Văn hóa chỉ là giải trí,A,Không gì đáng sợ bằng văn hóa lâm nguy.,"GT 2021, tr. 251"
ch6-b4-07,ch6-b4,mot-dap-an,2,"Theo Cương lĩnh 2011, con người có vị trí thế nào trong chiến lược phát triển?","Trung tâm của chiến lược phát triển, đồng thời là chủ thể phát triển",Chỉ là nguồn lực,Chỉ là đối tượng thụ hưởng,Chỉ là công cụ,A,Tôn trọng và bảo vệ quyền con người.,"GT 2021, tr. 253"
ch6-b4-08,ch6-b4,mot-dap-an,2,Nghị quyết số 33-NQ/TW (9/6/2014) về vấn đề gì?,"Xây dựng và phát triển văn hóa, con người Việt Nam đáp ứng yêu cầu phát triển bền vững",Cải cách thuế,Quốc phòng,Nông nghiệp,A,Do Hội nghị Trung ương 9 khóa XI ban hành.,"GT 2021, tr. 253"
ch6-b4-09,ch6-b4,mot-dap-an,2,Nhiệm vụ đầu tiên trong tám nhiệm vụ Đại hội XII nêu là gì?,Xây dựng con người Việt Nam phát triển toàn diện là mục tiêu của chiến lược phát triển,Phát triển công nghiệp văn hóa,Đổi mới quản lý báo chí,Hội nhập văn hóa quốc tế,A,"Tạo môi trường và điều kiện để phát triển nhân cách, đạo đức, trí tuệ, thể chất.","GT 2021, tr. 254"
ch6-b4-10,ch6-b4,mot-dap-an,2,"Đạo đức Hồ Chí Minh vừa là đạo đức của bậc nào, vừa là đạo đức của ai?","Bậc đại nhân, đại trí, đại dũng và của người chân chính, bình thường ai cũng học tập được",Chỉ của vua chúa,Chỉ của học giả,Chỉ của quân nhân,A,Vì vậy ai cũng có thể học tập và làm theo.,"GT 2021, tr. 255"
ch6-b4-11,ch6-b4,mot-dap-an,2,"Thanh niên, sinh viên được Hồ Chí Minh mong muốn điều gì?","Phải có đức, có tài",Chỉ có tài,Chỉ có đức,Không cần học,A,Thế hệ trẻ là người chủ tương lai của nước nhà.,"GT 2021, tr. 256"
ch6-b4-12,ch6-b4,mot-dap-an,2,Hai câu hỏi Hồ Chí Minh đặt ra cho thanh niên trí thức là gì?,Học để làm gì? Học để phục vụ ai?,Học ở đâu? Học lúc nào?,Học bao lâu? Học ai dạy?,Học khi nào thi? Học để lấy điểm?,A,Cần trả lời dứt khoát để có phương hướng sửa chữa khuyết điểm.,"GT 2021, tr. 256-257"
ch6-b4-13,ch6-b4,dung-sai,2,"Nhận định: Một bộ phận sinh viên phai nhạt niềm tin, lý tưởng, mất phương hướng, chạy theo lối sống thực dụng là biểu hiện tiêu cực giáo trình chỉ ra.",,,,,dung,Vì vậy cần tiếp tục đẩy mạnh học tập đạo đức Hồ Chí Minh.,"GT 2021, tr. 258"
ch6-b4-14,ch6-b4,mot-dap-an,2,"Câu ""thắng không kiêu, bại không nản"" thuộc nội dung học tập nào?","Trung với nước, hiếu với dân, kiên định mục tiêu, ý chí độc lập tự cường",Chỉ tiết kiệm,Chỉ thương người,Chỉ khiêm tốn,A,"Người luôn kiên định, dũng cảm và sáng suốt vượt qua mọi khó khăn.","GT 2021, tr. 259"
ch6-b4-15,ch6-b4,mot-dap-an,2,"Theo Hồ Chí Minh, đức tính hàng đầu của cán bộ, đảng viên và mỗi người là gì?",Trung thực,Giàu có,Nhiều bằng cấp,Nhiều chức vụ,A,Trung thực gắn với trách nhiệm.,"GT 2021, tr. 260"
ch6-b4-16,ch6-b4,mot-dap-an,2,Trách nhiệm được Hồ Chí Minh coi là gì?,"Việc phải làm, phải gánh vác, không thể thoái thác",Việc có thể né tránh,Việc của người khác,Việc tùy ý,A,Là bổn phận của mỗi người dù ở cương vị nào.,"GT 2021, tr. 261"
ch6-b4-17,ch6-b4,mot-dap-an,2,Việc gì có lợi cho dân thì Hồ Chí Minh dạy phải làm như thế nào?,Dù nhỏ cũng phải hết sức làm,Chỉ làm việc lớn,Chờ chỉ đạo,Bỏ qua,A,Việc gì có hại cho dân dù nhỏ cũng phải hết sức tránh.,"GT 2021, tr. 262"
ch6-b4-18,ch6-b4,mot-dap-an,2,Hồ Chí Minh là biểu tượng của sự kết hợp nào?,Chủ nghĩa yêu nước chân chính với chủ nghĩa quốc tế vô sản trong sáng,Chủ nghĩa biệt lập với bảo thủ,Chủ nghĩa cá nhân với thực dụng,Chủ nghĩa dân tộc hẹp hòi với sôvanh,A,Sinh viên cần học phẩm chất này.,"GT 2021, tr. 264"
ch6-b4-19,ch6-b4,dung-sai,1,"Nhận định: Sinh viên Việt Nam cần thi đua học tập, rèn luyện để lập nghiệp, xây dựng đất nước giàu mạnh, văn minh.",,,,,dung,"Đó là quyết tâm học tập và làm theo tư tưởng, đạo đức, phong cách Hồ Chí Minh.","GT 2021, tr. 264"
ch6-b4-20,ch6-b4,sap-xep,3,"Sắp xếp các văn kiện về văn hóa, con người theo thứ tự thời gian được giáo trình nêu.","Cương lĩnh xây dựng đất nước (bổ sung, phát triển năm 2011)",Nghị quyết Hội nghị Trung ương 5 khóa VIII (7/1998),Nghị quyết số 33-NQ/TW (9/6/2014),Nhiệm vụ do Đại hội XII nêu,"B,A,C,D","Thứ tự: 1998, 2011, 2014, rồi Đại hội XII.","GT 2021, tr. 249-254"
ch6-ex-01,ch6,mot-dap-an,2,Mục tiêu về kiến thức của Chương 6 là gì?,"Cung cấp kiến thức cơ bản về tư tưởng Hồ Chí Minh về văn hóa, đạo đức, con người và vận dụng vào thực tiễn",Học thuộc ngày tháng,Chỉ học về kinh tế,Chỉ học về quân sự,A,"Người học biết thể hiện trách nhiệm xây dựng văn hóa, đạo đức, con người Việt Nam hiện nay.","GT 2021, tr. 205"
ch6-ex-02,ch6,mot-dap-an,2,Mục tiêu về tư tưởng của Chương 6 gồm điều gì?,"Niềm tin vào giá trị tư tưởng Hồ Chí Minh và chống các quan điểm sai trái, luận điệu thù địch",Xem nhẹ tư tưởng,Tin mọi luận điệu,Bỏ qua thực tiễn,A,Đó là mục tiêu về tư tưởng.,"GT 2021, tr. 205"
ch6-ex-03,ch6,mot-dap-an,2,Văn hóa giữ vai trò gì với chính trị theo Hồ Chí Minh?,"Văn hóa phải ở trong chính trị, phục vụ nhiệm vụ chính trị",Văn hóa đứng ngoài chính trị,Chính trị phụ thuộc văn hóa hoàn toàn,Hai lĩnh vực đối lập,A,Mọi hoạt động của tổ chức và nhà chính trị phải có hàm lượng văn hóa.,"GT 2021, tr. 209"
ch6-ex-04,ch6,mot-dap-an,2,Ba tính chất của nền văn hóa mới trong kháng chiến là gì?,"Dân tộc, khoa học, đại chúng","Dân tộc, tôn giáo, giai cấp","Khoa học, thương mại, quốc tế","Truyền thống, thị trường, hiện đại",A,Theo Đề cương văn hóa Việt Nam (1943).,"GT 2021, tr. 217"
ch6-ex-05,ch6,dung-sai,2,"Nhận định: Đức và tài, hồng và chuyên, phẩm chất và năng lực phải thống nhất làm một, trong đó đạo đức là gốc.",,,,,dung,Người đòi hỏi tài năng phải gắn chặt và đặt vững trên nền tảng đạo đức.,"GT 2021, tr. 221-222"
ch6-ex-06,ch6,mot-dap-an,2,Hồ Chí Minh quan niệm tiết kiệm như thế nào?,"Không phải bủn xỉn; việc đáng làm, ích lợi cho đồng bào thì dù tốn bao nhiêu cũng vui lòng",Không bao giờ chi tiêu,Chi tiêu tùy ý,Tiết kiệm là bủn xỉn,A,"Việc đáng tiêu mà không tiêu là bủn xỉn, chứ không phải kiệm.","GT 2021, tr. 226"
ch6-ex-07,ch6,mot-dap-an,2,Xây dựng con người là công việc như thế nào?,"Vừa cấp bách vừa lâu dài, có ý nghĩa chiến lược",Chỉ cấp bách,Chỉ lâu dài,Không quan trọng,A,"Có mối quan hệ chặt chẽ với xây dựng chính trị, kinh tế, văn hóa, xã hội.","GT 2021, tr. 244-245"
ch6-ex-08,ch6,mot-dap-an,2,Giáo trình nêu Hồ Chí Minh là hiện thân của điều gì với đạo đức cách mạng Việt Nam?,"Tấm gương sáng, ngọn đèn pha chiếu rọi con đường rèn luyện đến chân thiện mỹ",Người quan sát,Nhà phê bình,Người ngoài cuộc,A,Ai cũng có thể học tập và làm theo.,"GT 2021, tr. 255"
